Class,File,SurfaceArea,Volume,Compactness,Rectangularity,Diameter,Convexity,Eccentricity,A3bin0,A3bin1,A3bin2,A3bin3,A3bin4,A3bin5,A3bin6,A3bin7,A3bin8,A3bin9,A3bin10,A3bin11,A3bin12,A3bin13,A3bin14,A3bin15,A3bin16,A3bin17,A3bin18,A3bin19,D1bin0,D1bin1,D1bin2,D1bin3,D1bin4,D1bin5,D1bin6,D1bin7,D1bin8,D1bin9,D1bin10,D1bin11,D1bin12,D1bin13,D1bin14,D1bin15,D1bin16,D1bin17,D1bin18,D1bin19,D1bin20,D1bin21,D1bin22,D1bin23,D1bin24,D1bin25,D1bin26,D1bin27,D1bin28,D1bin29,D2bin0,D2bin1,D2bin2,D2bin3,D2bin4,D2bin5,D2bin6,D2bin7,D2bin8,D2bin9,D2bin10,D2bin11,D2bin12,D2bin13,D2bin14,D2bin15,D2bin16,D2bin17,D2bin18,D2bin19,D3bin0,D3bin1,D3bin2,D3bin3,D3bin4,D3bin5,D3bin6,D3bin7,D3bin8,D3bin9,D3bin10,D3bin11,D3bin12,D3bin13,D3bin14,D3bin15,D3bin16,D3bin17,D3bin18,D3bin19,D4bin0,D4bin1,D4bin2,D4bin3,D4bin4,D4bin5,D4bin6,D4bin7,D4bin8,D4bin9,D4bin10,D4bin11,D4bin12,D4bin13,D4bin14,D4bin15,D4bin16,D4bin17,D4bin18,D4bin19
"./ResampledDatabase/AircraftBuoyant",m1337.obj,0.160304,2.06822,-0.115116,-0.108476,0.320075,0.113715,0.113961,0.0395507,0.0764848,0.0778117,0.0809418,0.0882834,0.0935838,0.0946209,0.094157,0.0881298,0.0752064,0.0586168,0.0440355,0.031276,0.0222477,0.01504,0.00928404,0.00522195,0.0030311,0.00171247,0.000763962,0,0,0,0,0,0,0,0,0.0102452,0.0268727,0.0273766,0.0314075,0.0307356,0.0324152,0.0319113,0.0327511,0.0356063,0.0344306,0.0364461,0.0377897,0.0651663,0.130668,0.115721,0.117232,0.095734,0.0601276,0.0152838,0.0151159,0.0115888,0.00537454,0.00885351,0.0252773,0.0383416,0.0515628,0.0489554,0.0456408,0.0416631,0.0413641,0.0447256,0.0500196,0.0544163,0.0598952,0.0650461,0.0717913,0.0827632,0.106209,0.117987,0.0285119,0.0109999,0.00597602,0.00383144,0.0132811,0.0265056,0.0401765,0.0509264,0.0580737,0.0646045,0.0709507,0.0763349,0.0778753,0.0782032,0.0777609,0.0761586,0.0751976,0.0731334,0.065054,0.0465206,0.0206192,0.00390361,0.000888778,0.413873,0.179815,0.114123,0.0793781,0.0577875,0.0425494,0.0321388,0.0240933,0.0182805,0.0134465,0.0094665,0.0063959,0.00402765,0.00238884,0.00127896,0.000561443,0.000239535,0.00011489,3.68515e-05,5.41934e-06,
"./ResampledDatabase/AircraftBuoyant",m1340.obj,-0.15011,-0.164296,-0.115114,-0.114431,-0.199919,0.113715,0.113961,0.12463,0.0813286,0.075498,0.0713251,0.0731271,0.0747857,0.0750475,0.072222,0.0682944,0.0614278,0.0524728,0.0424374,0.0332452,0.0254859,0.0200296,0.0164123,0.0134342,0.010322,0.00635112,0.00212357,0,0,0,0,0,0,0,0,0,0,0,0,0,0,0,0.01876,0.0232212,0.0256234,0.0292839,0.0289407,0.0303134,0.0378632,0.0122398,0.000915122,0,0.00343171,0.196294,0.468085,0.0901396,0.034889,0.118767,0.311114,0.158762,0.0413142,0.0109711,0.00883489,0.0165627,0.0227783,0.019495,0.019706,0.0316222,0.0403711,0.0351576,0.0362517,0.0362097,0.0442345,0.0367867,0.00698371,0.00205221,0.0020252,0.0233459,0.175607,0.220019,0.0940188,0.0522798,0.0586318,0.0714317,0.0773114,0.0693429,0.0536511,0.0357385,0.0207375,0.0117864,0.009845,0.00836036,0.00722626,0.00643858,0.00368272,0.000468073,7.73248e-05,0.819363,0.106886,0.0335398,0.0158948,0.00933431,0.00566261,0.00335289,0.00204513,0.00117221,0.000840392,0.000572551,0.000399051,0.000345916,0.000233141,0.000161572,0.000127956,4.01219e-05,1.62656e-05,6.50626e-06,5.42188e-06,
"./ResampledDatabase/AircraftBuoyant",m1341.obj,-0.325036,0.13059,-0.115116,-0.0993034,-1.13153,0.113715,0.113961,0.166529,0.0995862,0.0820838,0.0745804,0.0698262,0.0641505,0.0569842,0.0502776,0.0508868,0.0496478,0.0421825,0.0338998,0.0280468,0.0273396,0.0271541,0.0245873,0.0211485,0.0166829,0.0107361,0.00366975,0,0,0,0,0,0,0,0,0,0,0,0,0,0,0,0,0,0.00689026,0.0424562,0.0486371,0.0444827,0.0611004,0.0676867,0.0596818,0.0193535,0.00344513,0.000911946,0.171649,0.313,0.160705,0.0688048,0.217084,0.140079,0.0262106,0.0219342,0.0295179,0.0390889,0.0315171,0.0228203,0.0276607,0.0456335,0.0453315,0.0536393,0.0554055,0.0520982,0.0438933,0.0373287,0.0228193,0.0170567,0.00207621,0.00962788,0.0670066,0.120131,0.0875972,0.0611144,0.0810165,0.0999413,0.104515,0.0934131,0.0705093,0.0513102,0.0362551,0.0254129,0.0198124,0.0197774,0.0186094,0.016921,0.0122008,0.00445315,0.000375219,0.750913,0.12521,0.0506866,0.0276824,0.0166564,0.009728,0.00586345,0.00342035,0.00253736,0.00187973,0.0015677,0.00116901,0.000899236,0.000679302,0.000468036,0.000318524,0.00016793,8.66733e-05,4.22532e-05,2.38352e-05,
"./ResampledDatabase/AircraftBuoyant",m1343.obj,0.952516,0.82105,-0.115108,-0.113066,-0.0670227,0.113715,0.113961,0.0420455,0.0665994,0.0811568,0.0902315,0.0920461,0.0944978,0.0962195,0.0878902,0.0733863,0.0591629,0.0484428,0.0396145,0.031413,0.0249116,0.0200639,0.0164112,0.0131337,0.0100273,0.00767257,0.00507346,0,0,0,0,0,0.00488369,0.00398406,0.00668295,0.00758257,0.00616887,0.01041,0.0113096,0.0412543,0.0624598,0.0768539,0.0682432,0.0715846,0.0702994,0.0746691,0.0817376,0.0891916,0.0659298,0.0659298,0.0556484,0.0501221,0.0344429,0.0230048,0.00758257,0.00732554,0.00269888,0.00976018,0.0291115,0.049282,0.0678832,0.0799667,0.0904829,0.0980029,0.109713,0.129071,0.114122,0.0891748,0.057601,0.0357193,0.0230618,0.00568469,0.00454855,0.00299336,0.00281134,0.000633077,0.000377046,0.00549043,0.0165517,0.0333848,0.0536188,0.0750991,0.0921641,0.105247,0.111005,0.108062,0.101323,0.0898045,0.0753434,0.058033,0.0379691,0.0217937,0.00977061,0.00325653,0.00153909,0.000450491,9.27785e-05,0.556216,0.181034,0.101775,0.0623988,0.0391523,0.0238793,0.0147703,0.00885653,0.00517046,0.0030533,0.00171301,0.000941561,0.00049841,0.000255706,0.000147356,7.47615e-05,3.57555e-05,1.62525e-05,7.5845e-06,3.2505e-06,
"./ResampledDatabase/AircraftBuoyant",m1344.obj,-0.297717,0.386827,-0.115116,-0.118014,-1.26153,0.113715,0.113961,0.136053,0.0565381,0.0716946,0.0777908,0.0820838,0.0764175,0.0689759,0.0656478,0.0642942,0.0604764,0.0492655,0.0384722,0.0328378,0.0265262,0.0226084,0.020233,0.0201485,0.0157668,0.0103882,0.00378165,0,0,0,0,0,0,0,0,0,0,0,0.0159478,0.0280899,0.0340703,0.0340703,0.0376948,0.0338891,0.0349764,0.0353389,0.0344328,0.037876,0.0364262,0.0335266,0.0355201,0.0349764,0.0409569,0.0179413,0.173251,0.176876,0.124139,0.0775084,0.135153,0.0466417,0.0157349,0.0168051,0.0229113,0.0279602,0.0284823,0.0275391,0.0286513,0.0340193,0.0543011,0.0669795,0.0597931,0.0454755,0.0495112,0.0674375,0.104917,0.0585379,0.0316409,0.0369802,0.0865745,0.0404696,0.0698069,0.10004,0.110231,0.0687232,0.0324947,0.0280783,0.0333598,0.038927,0.0435744,0.0471195,0.0463317,0.044621,0.0487518,0.053557,0.0439415,0.0222327,0.00418442,0.711827,0.113886,0.0422084,0.0236063,0.0199334,0.0164548,0.0136282,0.0115753,0.010079,0.00873464,0.00732516,0.00598947,0.00476662,0.00369893,0.00268007,0.00187822,0.00106552,0.000490442,0.000144311,2.82113e-05,
"./ResampledDatabase/AircraftBuoyant",m1346.obj,-0.261741,0.36252,-0.115116,-0.0735978,0.906812,0.113715,0.113961,0.06966,0.12342,0.121585,0.0924089,0.0724026,0.0627655,0.0571525,0.0537212,0.0510776,0.0464204,0.0427396,0.0375422,0.0338366,0.0319014,0.0301476,0.0264039,0.0207053,0.0152583,0.00809159,0.00275906,0,0,0,0,0,0,0,0,0,0,0,0,0,0.0225141,0.0383052,0.0440901,0.0478424,0.043152,0.0389306,0.036429,0.0483114,0.0664478,0.0873984,0.0608193,0.0562852,0.0745779,0.119919,0.123515,0.0711382,0.0203252,0.0208484,0.0450664,0.066433,0.113116,0.106818,0.0919682,0.0776878,0.0768327,0.0761006,0.0635065,0.0507824,0.0406267,0.0349958,0.0327924,0.0319173,0.0276556,0.0217756,0.0131882,0.00655208,0.00133722,0.00254744,0.0123754,0.0284806,0.0441354,0.0585324,0.0716367,0.0801202,0.0835595,0.0911018,0.0980513,0.0994647,0.0946441,0.0857234,0.0704892,0.0467488,0.020762,0.0081279,0.00255878,0.000822687,0.000117527,0.370769,0.181451,0.124426,0.0937235,0.0711444,0.0536328,0.0387144,0.0267362,0.0170662,0.0104069,0.00563962,0.00320995,0.00162448,0.000808447,0.000393386,0.000177728,4.87669e-05,2.16742e-05,4.33484e-06,1.08371e-06,
"./ResampledDatabase/AircraftBuoyant",m1348.obj,-0.236173,-0.24102,-0.115114,-0.116368,1.07722,0.113715,0.113961,0.07965,0.136301,0.130358,0.0947965,0.0687669,0.0572104,0.0512722,0.0479412,0.0454537,0.0422877,0.0391371,0.0363434,0.0331206,0.0313675,0.029639,0.0274723,0.0227882,0.0158859,0.00800687,0.00220076,0,0,0,0,0,0,0,0,0,0,0,0,0,0.029943,0.0427757,0.039924,0.0443599,0.0413498,0.0383397,0.035488,0.0567174,0.0912548,0.0871356,0.0657478,0.0468948,0.0727186,0.107573,0.110741,0.0743029,0.0147338,0.0223555,0.0462872,0.0672824,0.105255,0.103984,0.0951467,0.0813196,0.0843721,0.0823298,0.0698338,0.051494,0.0383469,0.0311948,0.0291555,0.0290185,0.0252169,0.019345,0.0112587,0.00566288,0.00114018,0.00283358,0.0134162,0.0295618,0.0451784,0.0584967,0.070992,0.0806693,0.0838999,0.0884575,0.0949857,0.0974047,0.0929131,0.0833389,0.0703909,0.050097,0.0242545,0.0092813,0.00296144,0.000757889,0.000109301,0.39177,0.174539,0.117012,0.0881411,0.0677287,0.0509752,0.0378732,0.0267877,0.0186996,0.011848,0.00710427,0.00382604,0.00192333,0.000956782,0.000469713,0.000216957,7.70199e-05,2.71197e-05,1.95262e-05,5.42393e-06,
"./ResampledDatabase/AircraftBuoyant",m1349.obj,-0.130412,-0.391449,-0.115059,-0.126576,1.15586,0.113715,0.113961,0.0887057,0.117824,0.0948094,0.079217,0.0648577,0.0584662,0.05557,0.0552391,0.0540781,0.0524965,0.0490961,0.0471464,0.0422077,0.0360731,0.030325,0.0259523,0.0214116,0.0150769,0.00860301,0.00284361,0,0,0,0,0,0,0,0,0,0,0,0,0,0,0,0,0,0,0,0,0.015417,0.0370453,0.0393744,0.0415927,0.0736469,0.292591,0.31921,0.0977152,0.0511313,0.032276,0.0478975,0.105708,0.103033,0.0731063,0.0670466,0.0726273,0.0656335,0.0563134,0.0628252,0.105937,0.10962,0.0554943,0.0237027,0.0146827,0.0101232,0.0106522,0.00809792,0.00456352,0.00241528,0.000520059,0.00781779,0.0399715,0.0678817,0.0793027,0.0861112,0.0930908,0.101513,0.108074,0.107204,0.088369,0.0668208,0.0516564,0.0422571,0.0284762,0.0163851,0.0091931,0.00428159,0.00135469,0.000223719,1.64954e-05,0.578796,0.174438,0.0946771,0.058297,0.0377444,0.0242953,0.0149012,0.00832908,0.00429576,0.00210721,0.00101077,0.000468511,0.000238593,0.000164846,0.000101944,5.85638e-05,3.5789e-05,2.06058e-05,1.08452e-05,8.67612e-06,
"./ResampledDatabase/AircraftBuoyant",m1350.obj,-0.314381,0.0936256,-0.115116,-0.0803263,-0.0647517,0.113715,0.113961,0.118057,0.11831,0.0819213,0.0629038,0.0502296,0.0492728,0.0501296,0.0583381,0.0642927,0.0659228,0.0578989,0.0436997,0.0360356,0.0351334,0.033295,0.0286757,0.0214116,0.0138228,0.00768885,0.00296129,0,0,0,0,0,0,0,0,0,0,0,0,0,0,0,0,0,0,0,0,0,0,0,0.0152943,0.0300551,0.0499733,0.155967,0.280989,0.19029,0.277432,0.113217,0.0918341,0.0929903,0.129197,0.0523846,0.0706626,0.067248,0.036758,0.0155576,0.0156396,0.0141863,0.0577565,0.132512,0.0552651,0.0159626,0.0113989,0.0112909,0.00944855,0.00619602,0.000495081,0.0203965,0.0644749,0.0923859,0.0958384,0.0719244,0.0631539,0.0563252,0.058005,0.0701074,0.0711593,0.0605728,0.047765,0.0590497,0.0560901,0.0303467,0.0270963,0.0291557,0.02114,0.00486117,0.000151589,0.617973,0.119844,0.0617659,0.0457202,0.0359636,0.0279391,0.0216502,0.01687,0.0133762,0.0103044,0.00815569,0.0066404,0.00520971,0.00399595,0.00251211,0.00136778,0.000498952,0.000161617,3.90484e-05,1.19315e-05,
"./ResampledDatabase/Apartment",D00045.obj,-0.533447,-0.46078,-0.115116,-0.131961,1.25582,0.11372,0.113961,0.0445562,0.066605,0.0833539,0.0921148,0.0980073,0.0992803,0.0946132,0.0893,0.0802154,0.070097,0.055326,0.0405767,0.0290895,0.0197606,0.0134259,0.0090073,0.00635737,0.00422072,0.00277259,0.00132033,0,0,0,0,0,0,0,0,0,0,0,0,0,0,0,7.22126e-05,3.61063e-05,3.61063e-05,3.61063e-05,3.61063e-05,0.000144425,0.000505488,0.998808,0.000108319,0.000108319,7.22126e-05,0,0,0,3.61063e-05,0.997725,0.00158807,0.000131006,0.000138006,2.90012e-05,0.000134006,0,2.80012e-05,5.50023e-05,2.4001e-05,6.30026e-05,4.00017e-06,5.30022e-05,0,0,0,0,0,0,2.80012e-05,0.99048,0.0055626,0.0019449,0.000696743,0.000400936,0.000250456,0.000220566,0.000124713,0.000101007,6.90559e-05,8.03934e-05,3.50433e-05,1.75216e-05,6.18411e-06,5.15342e-06,1.03068e-06,0,2.06137e-06,0,2.06137e-06,0.999977,1.84111e-05,2.16601e-06,0,0,0,0,0,0,0,1.08301e-06,0,0,0,0,0,0,0,0,1.08301e-06,
"./ResampledDatabase/Apartment",D00086.obj,-0.53348,-0.461241,-0.115116,-0.131906,-0.640165,0.113901,0.113961,0.0746641,0.123329,0.12415,0.103596,0.0770545,0.062242,0.0471987,0.0344984,0.0287961,0.0293177,0.0392782,0.0523547,0.051694,0.0466947,0.037095,0.0272695,0.0186356,0.0125004,0.00708357,0.00254811,0,0,0,0,0,0,0,0,0,0,0,0,0,0,0,0,0,0,0,0,0,0,0,0,0,0,0,7.1053e-05,0.287765,0.712164,0.998662,0.00117407,0,0,0.000113007,0,0,0,0,0,0,0,0,0,0,0,0,0,0,5.10031e-05,0.999225,0.000652469,8.96758e-05,2.47382e-05,7.2153e-06,0,0,0,0,0,0,0,0,0,0,0,0,0,0,1.03076e-06,0.999569,0.000318451,7.25721e-05,1.2998e-05,8.66532e-06,9.74849e-06,2.16633e-06,2.16633e-06,2.16633e-06,0,0,0,0,0,0,0,0,0,1.08317e-06,1.08317e-06,
"./ResampledDatabase/Apartment",D00156.obj,-0.533478,-0.461284,-0.115116,-0.13199,-2.43511,0.113716,0.113961,0.0686781,0.0835342,0.0936345,0.089022,0.0854868,0.0823775,0.0777237,0.074903,0.0685111,0.0612295,0.0522024,0.0430826,0.0331009,0.0256254,0.0195397,0.014988,0.0113683,0.00811156,0.0049723,0.0019083,0,0,0,0,0,0,0,0,0,0,0,0,0,0,0,0,0,0,0,0,0,0,0,0,6.47794e-05,0,0,0,0.999547,0.000388677,0.99839,0.00146909,8.30051e-05,0,0,0,0,0,0,0,0,0,0,0,0,0,0,0,0,5.80036e-05,0.998136,0.00144201,0.000237071,3.50453e-05,2.57686e-05,2.98915e-05,3.29838e-05,3.09223e-05,2.78301e-05,0,0,0,0,1.03074e-06,0,0,0,0,0,1.03074e-06,0.999951,2.05806e-05,1.51646e-05,3.24957e-06,3.24957e-06,2.16638e-06,1.08319e-06,1.08319e-06,0,0,0,0,0,0,0,1.08319e-06,0,0,0,1.08319e-06,
"./ResampledDatabase/Apartment",D00310.obj,-0.53348,-0.461284,-0.115116,-0.13199,-2.58503,0.126596,0.113961,0.0584136,0.0872576,0.0934796,0.0930849,0.0823887,0.0743661,0.0676988,0.0623775,0.0607954,0.0585393,0.0524007,0.0458715,0.0386208,0.0326141,0.027836,0.0229558,0.0178056,0.0125575,0.00788144,0.00305487,0,0,0,0,0,0,0,0,0,0,0,0,0,0,0,0,0,0,0,0,0,0,0,0,0,2.4168e-05,0,0,0,0.999976,0.999929,3.70014e-05,0,0,0,0,0,0,0,0,0,0,0,0,0,0,0,0,0,3.40013e-05,0.99815,0.00122341,0.000443192,8.24543e-05,2.47363e-05,1.95829e-05,1.03068e-05,5.15339e-06,3.09203e-06,3.09203e-06,7.21475e-06,5.15339e-06,5.15339e-06,3.09203e-06,4.12271e-06,5.15339e-06,0,2.06136e-06,2.06136e-06,1.03068e-06,0.999978,9.74622e-06,4.33165e-06,3.24874e-06,1.08291e-06,0,0,0,0,1.08291e-06,1.08291e-06,0,0,0,0,0,0,0,0,1.08291e-06,
"./ResampledDatabase/Apartment",D00366.obj,7.03141,3.81957,-0.115015,-0.0806493,1.33066,0.113715,0.113961,0.0498171,0.0718712,0.0804249,0.0982377,0.106964,0.102105,0.0941398,0.080198,0.0687305,0.0598664,0.0486114,0.0369201,0.02904,0.022346,0.0165235,0.0117655,0.00876098,0.00672803,0.00481885,0.00213197,0,0.000194363,0.000388727,0.000971817,0.002138,0.00174927,0.00719145,0.00466472,0.0209913,0.0110787,0.0250729,0.0499514,0.0695821,0.0573372,0.0548105,0.0853256,0.0717201,0.044898,0.081827,0.0956268,0.0862974,0.0565598,0.051895,0.0392614,0.0330418,0.0194363,0.0159378,0.00777454,0.00349854,0.000777454,0.0130534,0.0254517,0.0418807,0.0478768,0.0559862,0.0681415,0.0700288,0.108871,0.126451,0.107561,0.087683,0.0721542,0.0531707,0.0453083,0.0345793,0.0251226,0.0120222,0.00377369,0.00076614,0.000118022,0.00480862,0.0135215,0.0268656,0.040783,0.053593,0.068653,0.081663,0.0898592,0.0974862,0.101846,0.0993393,0.0943605,0.0786415,0.0626276,0.0461124,0.0257611,0.0102545,0.003104,0.000651737,6.80611e-05,0.504602,0.206503,0.118158,0.0704949,0.0426344,0.0254675,0.0150763,0.00839922,0.00461903,0.00222173,0.00104475,0.000427005,0.000214586,7.04451e-05,4.11833e-05,1.51728e-05,3.25131e-06,4.33508e-06,1.08377e-06,2.16754e-06,
"./ResampledDatabase/Apartment",D00478.obj,-0.533468,-0.461282,-0.115116,-0.131989,-1.67797,0.113717,0.113961,0.0461822,0.0713583,0.0917861,0.0992053,0.101278,0.0951014,0.0827402,0.0771786,0.0697016,0.0650812,0.0551488,0.0405289,0.0324499,0.0236813,0.0174837,0.0118623,0.00827175,0.00541931,0.00327922,0.00226174,0,0,0,0,0,0,0,0,0,0,0,0,0,0,0,0,0,0,0,0,0,0,7.02658e-05,0.999836,4.68439e-05,2.34219e-05,0,0,0,2.34219e-05,0.999515,0.000209007,0.000122004,0,0,2.9001e-05,0,3.20011e-05,0,2.30008e-05,0,0,4.10014e-05,0,0,0,0,0,0,2.9001e-05,0.990037,0.00809705,0.00107397,0.000321573,0.00010513,7.42092e-05,7.62706e-05,6.28717e-05,4.01967e-05,6.39024e-05,1.54603e-05,7.21478e-06,4.12273e-06,5.15342e-06,4.12273e-06,2.06137e-06,1.03068e-06,1.03068e-06,6.1841e-06,1.03068e-06,0.999992,3.24868e-06,3.24868e-06,0,0,0,0,0,0,0,0,0,0,0,0,0,0,0,0,1.08289e-06,
"./ResampledDatabase/Apartment",D00626.obj,-0.533336,-0.461279,-0.115116,-0.13199,-2.27462,0.113715,0.113961,0.0547232,0.0700897,0.095962,0.107782,0.0948365,0.0828372,0.0798359,0.0660185,0.0584811,0.0586357,0.0559528,0.0420375,0.0319688,0.0271668,0.0223174,0.0171949,0.0140761,0.0100451,0.00684581,0.00319306,0,0,0,0,0,0,0,0,0,0,0,0,0,0,0,0,0,0,0,0,0,3.95291e-06,3.95291e-05,0.999945,3.95291e-06,3.95291e-06,0,0,0,3.95291e-06,0.999816,1.90007e-05,4.90017e-05,0,3.90014e-05,2.20008e-05,0,0,3.00011e-05,0,0,0,0,0,0,0,0,0,0,2.50009e-05,0.228739,0.591556,0.179459,9.89453e-05,3.60738e-05,2.2675e-05,1.54602e-05,1.44295e-05,7.21476e-06,6.18408e-06,1.75216e-05,1.13375e-05,6.18408e-06,3.09204e-06,3.09204e-06,0,0,1.03068e-06,1.03068e-06,2.06136e-06,0.99986,4.33179e-05,2.38249e-05,2.0576e-05,1.40783e-05,1.08295e-06,4.33179e-06,5.41474e-06,4.33179e-06,6.49769e-06,1.08295e-06,4.33179e-06,3.24885e-06,0,0,3.24885e-06,2.1659e-06,0,0,2.1659e-06,
"./ResampledDatabase/Apartment",D00639.obj,-0.53324,-0.461284,-0.113324,-0.13199,-2.45446,0.113715,0.113961,0.0375842,0.0633853,0.0801765,0.0938513,0.103631,0.105332,0.0955038,0.0815465,0.0737757,0.0658646,0.0544331,0.0420913,0.0303061,0.0223745,0.0164417,0.0127748,0.00913988,0.00624307,0.00404109,0.00150304,0,0,0,0,0,0,0,0,0,0,0,0,0,0,0,0,0,0,0,0,0,0,0,0,0.000135172,0,0,0,0.00081103,0.999054,0.997384,0.000518075,0.00157623,0.000150022,0.000130019,1.00014e-06,0.000121017,0,0,0,0,0,0,0,0,0,0,0,0,0.000120017,0.997305,0.00223727,0.000297958,8.66038e-05,6.70149e-05,3.09299e-06,0,0,0,0,0,0,0,0,1.031e-06,1.031e-06,0,0,0,1.031e-06,0.999966,3.14258e-05,0,0,1.08365e-06,0,0,0,0,0,0,0,0,0,0,0,0,0,0,1.08365e-06,
"./ResampledDatabase/Apartment",D00651.obj,-0.533263,-0.461136,-0.115116,-0.131974,0.254048,0.113717,0.113961,0.0417611,0.0813965,0.0964316,0.0924772,0.0880868,0.0863168,0.0818254,0.0785338,0.0712199,0.0632658,0.0539025,0.044031,0.0344142,0.0257209,0.0192657,0.0148155,0.0113343,0.00812831,0.0051213,0.00195141,0,0,0,0,0,0,0,0,0,0,0,0,0,0,0,0,0,0,0,0,0,0,0,0.000192938,0.996784,0.00263683,0.000321564,0,0,6.43128e-05,0.988223,0.00623737,0.00104306,0.00147909,0.00137208,0.00125208,0.00016201,7.10043e-05,0,0,0,0,0,0,0,0,0,9.20055e-05,1.20007e-05,5.60034e-05,0.973643,0.0203273,0.00428687,0.00119051,0.000257686,7.83366e-05,9.27671e-05,7.73059e-05,1.33997e-05,1.33997e-05,5.15373e-06,5.15373e-06,4.12298e-06,2.06149e-06,1.03075e-06,0,0,1.03075e-06,0,1.03075e-06,0.999938,4.12042e-05,1.30118e-05,2.16864e-06,1.08432e-06,1.08432e-06,0,0,0,0,0,0,1.08432e-06,0,0,0,0,1.08432e-06,0,1.08432e-06,
"./ResampledDatabase/Apartment",D00681.obj,0.18765,-0.433649,-0.113003,-0.131358,-0.0727515,0.113715,0.113961,0.045212,0.0848196,0.0986901,0.101452,0.0931753,0.0836197,0.0741477,0.0665548,0.0591732,0.053845,0.0476055,0.0411362,0.0364502,0.031425,0.0256989,0.0206501,0.0158867,0.0109028,0.00693833,0.00261721,0,0,0,0,0,0,0,0,0,0,0,0,8.42247e-05,4.21124e-05,0,8.42247e-05,0.000168449,0.0528931,0.285185,0.227196,0.249052,0.132738,0.0493136,0.0027373,4.21124e-05,8.42247e-05,8.42247e-05,0.000126337,0,0.000168449,0.0495756,0.126631,0.187848,0.235239,0.186698,0.114692,0.0560539,0.0410581,0.000918048,0.00039402,0.000267014,0.00019201,0.000136007,0.000162008,3.9002e-05,2.40012e-05,3.10016e-05,2.20011e-05,7.00036e-06,1.30007e-05,0.0176347,0.0758132,0.14506,0.203858,0.211861,0.180712,0.117017,0.0374186,0.00531856,0.00233151,0.00137396,0.000839014,0.00048032,0.000199961,3.19526e-05,1.95839e-05,1.95839e-05,9.27656e-06,2.06146e-06,1.03073e-06,0.697406,0.193521,0.068967,0.0266328,0.00955165,0.00280192,0.000707249,0.000204701,8.5563e-05,4.54892e-05,2.16615e-05,1.73292e-05,1.408e-05,9.74769e-06,3.24923e-06,5.41538e-06,3.24923e-06,0,0,2.16615e-06,
"./ResampledDatabase/Apartment",D00780.obj,-0.533117,-0.45953,-0.115116,-0.131813,-0.552965,0.113719,0.113961,0.0709492,0.102805,0.0974976,0.095877,0.0817506,0.0664325,0.0626437,0.060623,0.0608591,0.0604116,0.0562125,0.0437636,0.0347209,0.0286228,0.0237659,0.0194286,0.0148119,0.0101272,0.006159,0.00253824,0,0,0,0,0,0,0,0,0,0,0,0,0,0,0,0,0,0,0,0,0.000120149,0,0.000120149,0,0.000120149,0,0.999279,0.000240298,0,0.000120149,0.999029,0.000134018,0,0.000357049,0.000140019,0,0,0,0,2.50034e-05,9.20125e-05,0.000106014,0,0,0,0,0,0,0,0.000117016,0.9984,0.000566065,0.000422744,0.00022787,0.00026602,6.0834e-05,5.36164e-05,2.06217e-06,0,0,0,0,0,0,0,0,0,0,0,1.03108e-06,0.999677,0.000173376,8.45208e-05,3.57588e-05,7.5852e-06,9.7524e-06,4.3344e-06,5.418e-06,0,0,0,0,1.0836e-06,0,0,0,0,0,0,1.0836e-06,
"./ResampledDatabase/Apartment",D00860.obj,-0.53348,-0.461284,-0.115116,-0.131989,-1.08982,0.117489,0.113961,0.0461317,0.0682416,0.0866081,0.0970921,0.0985268,0.0935177,0.0813599,0.0736557,0.0688559,0.0652908,0.0562188,0.0450959,0.0344171,0.0261429,0.0199548,0.0147509,0.0102191,0.00670244,0.00451948,0.00269829,0,0,0,0,0,0,0,0,0,0,0,0,0,0,0,0,0,0,0,0,0,0,0,0,0.999906,7.02905e-05,0,0,0,2.34302e-05,0.999281,0.000459018,2.90012e-05,6.00024e-05,0,3.30013e-05,3.20013e-05,0,0,7.90032e-05,0,0,0,0,0,0,0,0,0,2.70011e-05,0.994797,0.00338268,0.000988419,0.000397841,0.000173154,0.00010616,3.60737e-05,3.81351e-05,2.57669e-05,2.26749e-05,3.09203e-06,5.15339e-06,2.06135e-06,3.09203e-06,3.09203e-06,4.12271e-06,0,2.06135e-06,7.21474e-06,2.06135e-06,0.99975,0.000187349,2.16589e-05,1.29953e-05,6.49766e-06,7.58061e-06,3.24883e-06,4.33177e-06,2.16589e-06,2.16589e-06,1.08294e-06,0,0,0,0,0,0,0,0,1.08294e-06,
"./ResampledDatabase/Apartment",D00869.obj,-0.53348,-0.461284,-0.115116,-0.13199,-0.812614,0.113732,0.113961,0.0354847,0.0641577,0.0861272,0.103654,0.110447,0.104323,0.0936111,0.0819877,0.0713778,0.0632226,0.0535003,0.0421305,0.0311937,0.0218158,0.014637,0.00947586,0.00599935,0.0038652,0.00213416,0.000854694,0,0,0,0,0,0,0,0,0,0,0,0,0,0,0,0,0,0,0,0,0,0,0,0,0,0.000128568,0,0,0,0.999871,0.999865,0,0,0,0,0,0,0,0,0,0,0,0,0,0,0,0,0,0,0.00013502,0.999667,1.03107e-05,2.47457e-05,7.11439e-05,7.62993e-05,9.79518e-05,4.63982e-05,3.09321e-06,0,0,0,1.03107e-06,0,0,0,0,0,0,1.03107e-06,1.03107e-06,0.999999,0,0,0,0,0,0,0,0,0,0,0,0,0,0,0,0,0,0,1.08474e-06,
"./ResampledDatabase/Apartment",D00921.obj,-0.53348,-0.461283,-0.115116,-0.131989,-2.20763,0.115591,0.113961,0.064833,0.0792406,0.08752,0.0928805,0.0962178,0.0877581,0.0833211,0.0741327,0.0661357,0.0576142,0.0472941,0.0404825,0.0335038,0.0248133,0.0184551,0.0141747,0.0118784,0.00930485,0.00709716,0.00334245,0,0,0,0,0,0,0,0,0,0,0,0,0,0,0,0,0,0,0,0,0,0,0,0,0,0,2.00666e-05,0,0,0.99998,0.999631,0.000199005,0,3.20008e-05,6.00016e-05,0,0,2.50007e-05,2.80007e-05,0,0,0,0,0,0,0,0,0,0,2.50007e-05,0.978858,0.0199341,0.000577173,0.000215409,0.000107189,0.000137078,8.96679e-05,4.22573e-05,1.13373e-05,7.21466e-06,5.15333e-06,2.06133e-06,8.24532e-06,1.03067e-06,1.03067e-06,0,0,1.03067e-06,1.03067e-06,1.03067e-06,0.999834,8.01456e-05,2.70762e-05,2.2744e-05,1.62457e-05,8.66439e-06,2.1661e-06,1.08305e-06,4.33219e-06,1.08305e-06,0,1.08305e-06,0,0,0,0,0,0,0,1.08305e-06,
"./ResampledDatabase/Apartment",D00953.obj,-0.476908,-0.448597,-0.115111,-0.131736,-0.824852,0.113715,0.113961,0.0449582,0.0660116,0.089076,0.082186,0.0882943,0.0959092,0.0916026,0.0881313,0.0790572,0.0704626,0.0584091,0.0432546,0.0312372,0.0222043,0.0152195,0.0116946,0.00865339,0.00650319,0.00472941,0.00240595,0,0,0,0,0,0,0,0,0,0,0,0,0,0,0.000471995,0.000471995,0.000314663,0.150724,0.735368,0.109188,0.00173065,0,0,0.000471995,0.000471995,0.000157332,0,0.000314663,0,0.000314663,0.288643,0.559818,0.144248,0.00376562,0.000740121,0.000400066,0.000282046,0.000334055,0.000279046,0.000223037,0.000325053,0.000237039,0.000208034,0.000144024,7.80128e-05,0,1.2002e-05,6.50107e-05,0.000130021,6.80112e-05,0.0900227,0.262453,0.39594,0.217474,0.0198534,0.00339516,0.00228784,0.00161252,0.00197028,0.00330855,0.00115268,0.00030209,0.000174243,2.57756e-05,9.2792e-06,8.24818e-06,2.06204e-06,1.03102e-06,5.15511e-06,2.06204e-06,0.996852,0.00239987,0.000508373,0.000161509,3.79383e-05,2.60148e-05,5.41975e-06,1.08395e-06,3.25185e-06,0,0,0,0,0,2.1679e-06,0,0,1.08395e-06,0,1.08395e-06,
"./ResampledDatabase/Apartment",m464.obj,-0.229409,-0.400352,-0.115084,-0.130912,-0.596936,0.113715,0.113961,0.138668,0.15234,0.117445,0.0789777,0.0569627,0.0440878,0.0377267,0.0340415,0.034359,0.0333148,0.0294771,0.0272516,0.0269166,0.0290225,0.0331757,0.0351198,0.0353301,0.0297193,0.0199936,0.00607148,0,0,0,0,0,0,0,0,0,0,0,8.83392e-05,8.83392e-05,8.83392e-05,0,0,0.0242933,0.259806,0.42076,0.135601,0.080477,0.0563604,0.0212014,0.000883392,8.83392e-05,8.83392e-05,0,0,0,0.000176678,0.0708161,0.14798,0.1628,0.118494,0.103313,0.0840711,0.0808758,0.0761685,0.0679339,0.055397,0.0220706,0.00929167,0.000614044,5.5004e-05,2.70019e-05,2.00014e-06,1.50011e-05,2.70019e-05,4.1003e-05,8.00058e-06,0.0251787,0.116808,0.20231,0.238989,0.203196,0.123925,0.056726,0.0234651,0.00701716,0.00150117,0.000590778,0.000127847,4.43341e-05,4.1241e-05,2.98997e-05,1.64964e-05,1.64964e-05,8.2482e-06,4.1241e-06,5.15513e-06,0.957502,0.0389159,0.00310578,0.000282737,8.3413e-05,3.89983e-05,2.59988e-05,9.74957e-06,1.40827e-05,5.41643e-06,2.16657e-06,3.24986e-06,0,3.24986e-06,0,0,3.24986e-06,1.08329e-06,1.08329e-06,2.16657e-06,
"./ResampledDatabase/AquaticAnimal",m53.obj,-0.51576,-0.459576,-0.115108,-0.131856,-1.8821,0.113715,0.113961,0.128227,0.123007,0.0915928,0.0854124,0.0687521,0.0539961,0.0526155,0.0498109,0.0415468,0.0372481,0.0320875,0.0295851,0.0295861,0.0319741,0.0335548,0.0323979,0.0298274,0.0260907,0.0174296,0.00525753,0,0,0,0,0,0,0,0,0,0,0,0,0,0,0,0,0,0,0,0,0,0,0,0,0,0.000137457,0.180344,0.424605,0.358488,0.0364261,0.219178,0.277436,0.263604,0.167518,0.0488504,0.0149079,0.00837209,2.00026e-06,0,0,0,0,0,0,0,0,0,9.00117e-06,5.10066e-05,7.10092e-05,0.122461,0.259099,0.273195,0.183587,0.13578,0.0244703,0.00123125,4.53727e-05,1.44368e-05,9.28078e-06,1.0312e-05,7.21839e-06,1.0312e-05,1.23744e-05,1.85616e-05,2.57799e-05,1.34056e-05,3.09359e-06,3.09359e-06,3.09359e-06,0.995582,0.00354838,0.000148436,0.000187441,0.000145186,8.45111e-05,8.12606e-05,5.20068e-05,4.76729e-05,4.44225e-05,2.2753e-05,1.95026e-05,1.73356e-05,6.50085e-06,3.25043e-06,2.16695e-06,2.16695e-06,2.16695e-06,2.16695e-06,1.08348e-06,
"./ResampledDatabase/AquaticAnimal",m54.obj,-0.275643,-0.410751,-0.115087,-0.127776,0.476165,0.113715,0.113961,0.174403,0.107256,0.0671265,0.0817898,0.0732587,0.0482111,0.0455266,0.040734,0.0424295,0.0427018,0.0422769,0.037047,0.0323814,0.0302981,0.0311366,0.032895,0.025124,0.0219795,0.017123,0.00630136,0,0,0,0,0,0,0,0,0,0,0,0,0,0,0.00506667,0.0150667,0.0249333,0.0188,0.0718667,0.0146667,0.0052,0.00573333,0.00933333,0.0177333,0.00586667,0.0166667,0.182933,0.347333,0.207867,0.0509333,0.139708,0.125673,0.193795,0.160819,0.0480313,0.0203371,0.0217333,0.0275452,0.0439527,0.0207702,0.0288094,0.019931,0.0242117,0.0298246,0.0380308,0.0234976,0.0137301,0.0163745,0.00313348,9.20141e-05,0.078244,0.152017,0.11148,0.0909128,0.110458,0.079872,0.0476215,0.0490958,0.055289,0.0562777,0.0640555,0.0479679,0.0277759,0.0150576,0.00757366,0.00402808,0.00158154,0.000463946,0.00019795,2.98988e-05,0.731384,0.0936332,0.0520954,0.0404813,0.029784,0.021425,0.013259,0.00810319,0.00461074,0.00260715,0.00118763,0.000697841,0.000361924,0.000199383,9.21064e-05,4.1177e-05,2.38393e-05,7.58523e-06,3.25081e-06,2.16721e-06,
"./ResampledDatabase/AquaticAnimal",m55.obj,-0.360391,-0.414879,-0.115106,-0.129932,-0.133291,0.113715,0.113961,0.132104,0.135218,0.103816,0.0825514,0.0630712,0.0500968,0.0431773,0.0394319,0.0363002,0.0348055,0.0317099,0.0304329,0.0304071,0.0326074,0.037635,0.0381538,0.0326032,0.0260242,0.0159813,0.00387335,0,0,0,0,0,0,0,0,0,0,0,0,0,0,0,0.0253835,0.140586,0.175035,0.111158,0.0511855,0.0345886,0.0175732,0.0704324,0.095537,0.0903766,0.113389,0.0202232,0.0216179,0.0131102,0.0198047,0.0648995,0.13404,0.119743,0.0800425,0.0662917,0.0730636,0.0741537,0.083798,0.0779822,0.0646675,0.0621851,0.0390241,0.0220369,0.0158891,0.0100113,0.00938223,0.00237431,0.00037805,2.40031e-05,1.40018e-05,0.0498894,0.126891,0.155289,0.199755,0.186275,0.135789,0.0894572,0.0439631,0.0109268,0.00134034,0.000177337,2.88688e-05,2.47447e-05,8.66064e-05,2.26826e-05,4.43342e-05,2.37137e-05,6.18617e-06,5.15514e-06,5.15514e-06,0.752582,0.164003,0.0600133,0.0178663,0.0043612,0.00091233,0.000166863,3.57564e-05,1.73364e-05,6.50116e-06,1.51694e-05,6.50116e-06,3.25058e-06,1.08353e-06,3.25058e-06,0,0,3.25058e-06,1.08353e-06,2.16705e-06,
"./ResampledDatabase/AquaticAnimal",m56.obj,-0.350017,-0.460619,-0.0549961,-0.131897,-0.603101,0.113715,0.113961,0.161472,0.146089,0.103979,0.0720954,0.0541264,0.0444507,0.0380205,0.0350183,0.0340522,0.0349378,0.0306387,0.0275333,0.0284375,0.028885,0.0345378,0.0384751,0.0346141,0.0295262,0.017071,0.00603948,0,0,0,0,0,0,0,0,0,0,0,0,0,0,0,0,0,0.00761871,0.144047,0.196492,0.0954996,0.0531538,0.0205528,0.0474841,0.188873,0.0667966,0.102941,0.0409284,0.0255138,0.0100992,0.0563651,0.110309,0.0885129,0.0758176,0.0785241,0.0638315,0.0689844,0.0772969,0.0878068,0.0677032,0.0485147,0.0453862,0.0462083,0.0264498,0.0184493,0.016746,0.0122492,0.00756936,0.0027635,0.000512092,0.0147857,0.039786,0.0650234,0.078304,0.0867762,0.0969712,0.112381,0.108027,0.0901577,0.0753916,0.0630265,0.0554151,0.0473655,0.0338674,0.0192868,0.00898464,0.00307323,0.00108146,0.000265982,2.98972e-05,0.543773,0.170391,0.102778,0.0676877,0.0451671,0.0300384,0.018331,0.0102552,0.00539365,0.00290327,0.00158222,0.000870223,0.000413979,0.000209157,8.77809e-05,6.61066e-05,2.92603e-05,1.30046e-05,5.41857e-06,3.25114e-06,
"./ResampledDatabase/AquaticAnimal",m57.obj,-0.532041,-0.460722,-0.115116,-0.131944,-1.18182,0.113715,0.113961,0.12951,0.134466,0.0975554,0.0781942,0.065914,0.0540925,0.0480271,0.045064,0.0432361,0.0403699,0.0357458,0.0292701,0.02604,0.0281824,0.0325869,0.0331395,0.0298671,0.0261771,0.016794,0.00576742,0,0,0,0,0,0,0,0,0,0,0,0,0,0,0,0,0,0,0,0,0,0,0,0,0,0.0938925,0.905727,0.000126711,0.000126711,0.000126711,0.884375,0.114302,0.00108013,0,0,0,5.90073e-05,6.30078e-05,0,0,0,0,0,0,0,0,0,0,0,0.000121015,0.333269,0.458901,0.203683,0.0037286,0.000152567,8.45302e-05,3.40182e-05,3.19565e-05,2.47405e-05,1.13394e-05,1.75245e-05,1.64937e-05,1.03086e-05,9.2777e-06,8.24684e-06,6.18513e-06,1.03086e-06,5.15428e-06,2.06171e-06,3.09257e-06,0.999512,0.000201541,8.01829e-05,4.65928e-05,4.00915e-05,2.81724e-05,2.81724e-05,1.30026e-05,1.62533e-05,9.75197e-06,8.66842e-06,3.25066e-06,2.16711e-06,3.25066e-06,1.08355e-06,2.16711e-06,0,0,2.16711e-06,1.08355e-06,
"./ResampledDatabase/AquaticAnimal",m58.obj,-0.171822,1.90931,-0.115116,-0.0643484,0.559432,0.113715,0.113961,0.070425,0.0787992,0.0829306,0.099845,0.0954672,0.0786992,0.0733068,0.0702476,0.0648686,0.0552541,0.0507278,0.0424134,0.0347186,0.0295561,0.0242988,0.0181733,0.0133459,0.0094929,0.00570069,0.00172907,0,0,0,0,0,0,0,0,0,0,0,0,0,0,0,0.0143277,0.123439,0.136664,0.0912932,0.0874357,0.0431668,0.0525349,0.0747612,0.0576782,0.0369214,0.0330639,0.126561,0.073108,0.0315944,0.0174504,0.0260557,0.0522113,0.0472775,0.0467584,0.0591406,0.0858484,0.120558,0.131897,0.0946119,0.0609929,0.0581654,0.0563111,0.0747254,0.027889,0.0174601,0.0160959,0.0117401,0.00887559,0.00315957,0.000227041,0.00325825,0.0145611,0.0301089,0.0477169,0.0648917,0.0767225,0.0818016,0.086192,0.0903896,0.0960441,0.0941675,0.0819223,0.0672375,0.0559491,0.047357,0.0366636,0.01834,0.00550912,0.001028,0.000139197,0.453605,0.184678,0.113012,0.0764746,0.0531492,0.0374793,0.0265177,0.0184774,0.013183,0.00929724,0.00606704,0.00354444,0.00212276,0.00129273,0.000621983,0.000261146,0.000114861,6.71828e-05,2.9257e-05,4.33438e-06,
"./ResampledDatabase/AquaticAnimal",m59.obj,1.66521,-0.204021,-0.114425,-0.0873349,0.215884,0.113715,0.113961,0.221348,0.176866,0.0860131,0.054937,0.0389077,0.0302985,0.0247313,0.0224875,0.024985,0.0418588,0.0289446,0.018964,0.0224359,0.0232918,0.0250138,0.0332641,0.0409865,0.0446564,0.0304346,0.00957431,0,0,0,0,0,0,0,0,0,0,0,0,0,0,0,0,0,0.0126723,0.0696974,0.0823697,0.110724,0.104546,0.0633613,0.0348487,0.0348487,0.0380168,0.212736,0.144305,0.0665294,0.0253445,0.0556471,0.117495,0.10564,0.0966395,0.0690695,0.0515543,0.0516563,0.0407794,0.0670221,0.0533657,0.0621452,0.0521764,0.0466804,0.0396882,0.0309416,0.0285682,0.0170091,0.00861456,0.00464984,0.000657119,0.03458,0.0269404,0.0611595,0.076178,0.0869471,0.100119,0.112481,0.112805,0.104457,0.0927586,0.0805397,0.0583848,0.0305916,0.0132573,0.00509482,0.00243863,0.000547531,0.000277374,0.000294904,0.000148483,0.64422,0.187929,0.088299,0.0432044,0.0200649,0.00844364,0.00371082,0.00179039,0.000992732,0.000618832,0.000335968,0.000154979,7.80314e-05,6.17748e-05,3.68481e-05,2.05916e-05,1.84241e-05,1.73403e-05,1.08377e-06,1.08377e-06,
"./ResampledDatabase/AquaticAnimal",m60.obj,-0.150295,0.781609,-0.115116,-0.0623196,0.478741,0.113715,0.113961,0.101342,0.131162,0.10932,0.0840021,0.0646573,0.0550921,0.0487662,0.0456145,0.0440269,0.0419907,0.0373102,0.033539,0.0327771,0.0339544,0.0343813,0.0329647,0.0296286,0.0211727,0.0132962,0.00500219,0,0,0,0,0,0,0,0,0,0,0,0,0,0.00822168,0.0232948,0.0359318,0.0411084,0.0712546,0.0471985,0.0443057,0.0476553,0.0452192,0.0491778,0.0640987,0.0832826,0.110231,0.054659,0.0930268,0.135962,0.0453715,0.030196,0.0717799,0.090142,0.0849481,0.0913382,0.106846,0.102406,0.0724,0.0454595,0.0462607,0.0515756,0.0474329,0.0394375,0.0237809,0.023945,0.0293999,0.0222377,0.0140473,0.00562793,0.000739123,0.0048937,0.0179425,0.0387454,0.0568509,0.0746047,0.0931154,0.104222,0.10698,0.105259,0.0983504,0.0876144,0.074516,0.0548103,0.037705,0.0240952,0.0126673,0.0053907,0.00181993,0.000379453,3.81515e-05,0.4955,0.198195,0.114566,0.0730643,0.0475256,0.0295457,0.0175572,0.0098294,0.00592972,0.00360379,0.00203546,0.00116297,0.000703416,0.000405359,0.000188589,0.000118139,4.227e-05,1.84254e-05,6.50308e-06,2.16769e-06,
"./ResampledDatabase/AquaticAnimal",m61.obj,-0.291028,0.576817,-0.115116,-0.0259329,0.367136,0.113715,0.113961,0.127436,0.166942,0.103452,0.0664821,0.0571117,0.0510731,0.0451065,0.0417594,0.0409378,0.0383865,0.0344909,0.0313036,0.0292532,0.02978,0.030348,0.0304418,0.0299119,0.0254494,0.015542,0.00479238,0,0,0,0,0,0,0,0,0,0,0,0,0.00045527,0.0260642,0.0448441,0.0505349,0.0559982,0.0828591,0.0563396,0.0289096,0.0377874,0.0745504,0.0765991,0.0829729,0.0640792,0.0744366,0.0750057,0.0949237,0.0620305,0.0116094,0.0324468,0.0600291,0.0852241,0.11902,0.0995958,0.0831878,0.0663778,0.0494628,0.0410648,0.0403928,0.0470836,0.0545264,0.0548195,0.0463985,0.0442812,0.0379305,0.0280753,0.00836799,0.0016582,5.70067e-05,0.00649937,0.0269903,0.0510609,0.0712601,0.0938976,0.11369,0.115812,0.10187,0.088391,0.0810205,0.0908118,0.0715766,0.0393488,0.0243015,0.014039,0.00664371,0.00228777,0.000452605,4.33016e-05,3.09297e-06,0.521571,0.193151,0.106141,0.0649605,0.0421935,0.0286325,0.0187004,0.0113158,0.00644838,0.00350213,0.00174023,0.000830021,0.000448602,0.000197211,0.000101856,4.55103e-05,1.40865e-05,5.41789e-06,0,1.08358e-06,
"./ResampledDatabase/AquaticAnimal",m62.obj,-0.26548,-0.0716302,-0.115116,-0.0968376,1.42471,0.113715,0.113961,0.0956499,0.102047,0.0924509,0.0901693,0.0856114,0.0788091,0.0664489,0.0576774,0.0499472,0.0438284,0.0371787,0.0327559,0.0303114,0.0273959,0.0240576,0.0229143,0.0217843,0.0205389,0.0148614,0.00556206,0,0,0,0,0,0,0,0,0,0,0,0,0.0145985,0.0516742,0.10833,0.0396246,0.053528,0.0556135,0.0520218,0.0653458,0.126637,0.0741513,0.0523694,0.0391612,0.0499363,0.0524852,0.0546866,0.0443749,0.0595528,0.00590893,0.0278895,0.0486823,0.0604294,0.0683691,0.0757707,0.0975007,0.10235,0.111117,0.102129,0.0850706,0.0656238,0.0524967,0.0421408,0.033246,0.0165745,0.00543848,0.00236021,0.00153214,0.00100509,0.000274024,0.00674783,0.0330877,0.0645188,0.0872425,0.10064,0.107827,0.101719,0.0919101,0.0835047,0.0756075,0.0691328,0.059477,0.0447794,0.0314672,0.0208146,0.0131483,0.00593554,0.00204208,0.000373162,2.474e-05,0.455414,0.193058,0.116251,0.0761532,0.0524793,0.0358276,0.0245708,0.016694,0.0111777,0.00708709,0.0046052,0.0029163,0.0017084,0.000965239,0.000524328,0.000285997,0.000150582,8.01658e-05,3.68329e-05,1.40832e-05,
"./ResampledDatabase/AquaticAnimal",m63.obj,0.0287804,6.46499,-0.115116,-0.0406028,-0.118135,0.113715,0.113961,0.0525954,0.0829782,0.0938685,0.102431,0.0968844,0.0884522,0.0817017,0.0737109,0.065621,0.0567991,0.0487103,0.0408916,0.0336864,0.0264101,0.0196843,0.0142516,0.00982619,0.00629577,0.00385005,0.00135175,0,0,0,0,0,0,0,0,0,0,0.0106332,0.0190446,0.0234883,0.0260276,0.0369783,0.045707,0.0353912,0.0279321,0.0328519,0.0336455,0.034439,0.043009,0.133947,0.175686,0.163307,0.0849072,0.0299952,0.0190446,0.0152357,0.00872877,0.0213592,0.0435006,0.059101,0.0730311,0.0712948,0.0714579,0.0850409,0.0956485,0.0969857,0.091979,0.0753335,0.0605282,0.0497686,0.0440247,0.032617,0.0170806,0.00775918,0.00257339,0.000810123,0.000106016,0.00746356,0.0338876,0.0586239,0.0745769,0.0875595,0.100807,0.103922,0.0973593,0.0936085,0.0926692,0.0844788,0.063349,0.0428142,0.0273437,0.0166118,0.00938436,0.00401377,0.00119083,0.000298996,3.71168e-05,0.680449,0.174061,0.0725256,0.0347972,0.0178987,0.00921538,0.00486452,0.00269938,0.00144451,0.000831162,0.00048656,0.000291503,0.000177719,9.31941e-05,6.82701e-05,4.00951e-05,2.8175e-05,1.40875e-05,9.75287e-06,4.33461e-06,
"./ResampledDatabase/AquaticAnimal",m64.obj,-0.104873,-0.24501,-0.115109,-0.113229,1.35517,0.113715,0.113961,0.134857,0.118785,0.0958305,0.083268,0.0722077,0.0596896,0.0498375,0.0432568,0.0377874,0.0342419,0.0325016,0.0320593,0.0314376,0.0297221,0.0286416,0.0278942,0.0265106,0.0251384,0.0231682,0.0131646,0,0,0,0,0,0,0,0,0,0,0,0,0,0,0,0,0,0,0,0,0,0.00581703,0.0531465,0.116208,0.0770756,0.101798,0.330381,0.204918,0.0994183,0.0112374,0.0370266,0.073496,0.081549,0.0856175,0.089817,0.0965469,0.0995812,0.097916,0.0847074,0.0722499,0.0588132,0.0459106,0.0305228,0.0207436,0.0127356,0.00687885,0.00379947,0.0016002,0.000432053,5.60069e-05,0.0112504,0.0478732,0.0852898,0.108557,0.116306,0.11394,0.104477,0.0921048,0.0785614,0.0653056,0.0536221,0.04235,0.0308542,0.0205554,0.0136991,0.00874714,0.00453132,0.00158467,0.000358794,3.29925e-05,0.661012,0.150223,0.074654,0.0411457,0.0253889,0.0165868,0.0109257,0.00702844,0.00473366,0.00315289,0.002064,0.00129366,0.000758426,0.000472391,0.000286035,0.000139767,7.47591e-05,3.90048e-05,1.6252e-05,5.41733e-06,
"./ResampledDatabase/AquaticAnimal",m65.obj,-0.180463,0.0724488,-0.115116,-0.114931,-0.117573,0.113715,0.113961,0.0659024,0.102013,0.103353,0.0923286,0.0838976,0.0769059,0.0713104,0.0634269,0.0557011,0.0481259,0.0421395,0.0365646,0.0334147,0.0310422,0.0275541,0.0231247,0.0183344,0.0139812,0.00835367,0.0025261,0,0,0,0,0,0,0,0,0,0.0013741,0.00515287,0.00309172,0.00515287,0.00566816,0.00618344,0.00429406,0.0113363,0.0161457,0.0623497,0.0305737,0.0523875,0.0632085,0.0663002,0.0517004,0.0638956,0.08674,0.145826,0.15785,0.0786671,0.0821024,0.0337753,0.0774232,0.121017,0.133649,0.118146,0.105874,0.0953891,0.0814889,0.069727,0.0541095,0.0397263,0.0241228,0.0164586,0.00991757,0.00748418,0.00512481,0.0031495,0.00216334,0.000861136,0.000393062,0.0108327,0.0434928,0.0836091,0.122506,0.13868,0.146918,0.132567,0.104007,0.0790797,0.0569821,0.0361376,0.0223296,0.011929,0.0060702,0.00287834,0.00121177,0.00045377,0.000221728,7.21906e-05,2.06259e-05,0.709985,0.167446,0.0630096,0.0286973,0.0142506,0.00748346,0.00399913,0.00219898,0.00129511,0.000754307,0.000390159,0.00021242,0.000126802,6.82778e-05,3.79321e-05,2.3843e-05,1.08377e-05,6.50265e-06,1.08377e-06,2.16755e-06,
"./ResampledDatabase/AquaticAnimal",m66.obj,-0.525213,-0.461162,-0.114953,-0.131965,-1.16899,0.113715,0.113961,0.149019,0.13812,0.0911306,0.0676557,0.0535353,0.0480993,0.0440561,0.0437715,0.0425891,0.0394159,0.036849,0.0351521,0.0363984,0.0347882,0.0327779,0.0308161,0.0281841,0.0239223,0.0168884,0.00683083,0,0,0,0,0,0,0,0,0,0,0,0,0,0,0,0,0,0.000135556,0,0,0,0,0,0,0.000135556,0.744612,0.254982,0,0,0.000135556,0.702827,0.292979,0.00260133,0.000174022,0.000124016,8.001e-06,0,0,0,0,0,3.00038e-05,9.6012e-05,2.00025e-05,0,0.000948119,0.000190024,0,1.00013e-06,2.00025e-06,0.440791,0.342827,0.18116,0.0339276,0.000723839,0.000125795,0.000154666,7.93954e-05,4.7431e-05,4.02133e-05,2.784e-05,1.13422e-05,6.18666e-06,1.03111e-05,9.27999e-06,2.06222e-05,2.47466e-05,6.18666e-06,4.12444e-06,2.06222e-06,0.999687,0.000183094,4.6586e-05,2.49181e-05,3.0335e-05,8.66715e-06,6.50037e-06,3.25018e-06,0,2.16679e-06,1.08339e-06,0,1.08339e-06,3.25018e-06,0,0,0,0,1.08339e-06,1.08339e-06,
"./ResampledDatabase/AquaticAnimal",m67.obj,-0.312478,-0.380983,-0.115109,-0.125174,1.15756,0.113715,0.113961,0.146303,0.139544,0.0975332,0.075986,0.0590113,0.0501085,0.0441255,0.0394776,0.0355361,0.0315945,0.0283963,0.0293242,0.0320275,0.0358351,0.0353371,0.0342463,0.0321729,0.0275065,0.0184758,0.00745838,0,0,0,0,0,0,0,0,0,0,0,0,0,0,0,0,0,0,0,0,0,0.0132748,0.0360462,0.0497294,0.0905749,0.188298,0.160421,0.244665,0.164607,0.0523844,0.0522294,0.0692201,0.0977191,0.104268,0.0855648,0.0511363,0.0410412,0.0436075,0.0339195,0.0360817,0.0589551,0.0494121,0.0542256,0.0612753,0.0612913,0.0406162,0.0285269,0.0179488,0.0106881,0.00227323,0.00846184,0.0310731,0.0521133,0.0647669,0.067506,0.0665184,0.0687792,0.0750689,0.0836132,0.0793586,0.07377,0.0801761,0.0822679,0.0694772,0.0504185,0.0291907,0.0117185,0.00454432,0.00101752,0.000159793,0.592977,0.173892,0.0883405,0.0539667,0.0334518,0.0217891,0.0147008,0.00928121,0.00520619,0.00275316,0.00159924,0.000952391,0.000525495,0.000261122,0.000138687,9.2097e-05,3.03378e-05,2.49204e-05,1.51689e-05,2.16699e-06,
"./ResampledDatabase/AquaticAnimal",m68.obj,-0.163307,-0.407093,-0.115042,-0.122853,0.431203,0.113715,0.113961,0.10053,0.143351,0.113847,0.0879022,0.0708321,0.0570044,0.0483885,0.0430912,0.0402354,0.0377816,0.0349021,0.0326411,0.0313246,0.0316246,0.0308049,0.0298234,0.0257335,0.0208652,0.0143359,0.00498174,0,0,0,0,0,0,0,0,0,0,0,0,0,0,0,0,0,0,0,0,0,0,0,0,0.00334582,0.143469,0.289079,0.402168,0.123662,0.0382762,0.0443325,0.141534,0.201972,0.148728,0.0996035,0.079694,0.064377,0.0571851,0.0501253,0.0416142,0.0308899,0.0187273,0.00934317,0.00458457,0.00233029,0.00182123,0.0015992,0.00104813,0.000379047,0.000112014,0.00518858,0.0319872,0.0809246,0.12598,0.146757,0.142117,0.128952,0.11011,0.0892296,0.064464,0.0379458,0.0196379,0.00939162,0.00422674,0.0018041,0.000803081,0.000323707,0.000111339,3.91747e-05,8.2473e-06,0.692896,0.180058,0.0703057,0.0301381,0.0136056,0.00620188,0.00318601,0.00165152,0.000845268,0.000469232,0.000276338,0.000169054,7.80248e-05,5.31002e-05,2.60083e-05,1.84225e-05,8.66942e-06,5.41839e-06,4.33471e-06,3.25103e-06,
"./ResampledDatabase/AquaticAnimal",m69.obj,-0.283528,-0.366158,-0.115109,-0.123701,-0.127727,0.113715,0.113961,0.129905,0.136181,0.09392,0.0711418,0.0611392,0.0539004,0.0445514,0.0407557,0.0377579,0.037929,0.0325118,0.0317262,0.0338158,0.0337344,0.032887,0.0355755,0.0343096,0.028278,0.0213865,0.00859441,0,0,0,0,0,0,0,0,0,0,0,0,0,0,0,0,0,0,0,0.190786,0.056052,0.0465359,0.060694,0.0754323,0.166647,0.101195,0.0930718,0.122548,0.0503656,0.0366717,0.0377683,0.061067,0.0881231,0.103965,0.106966,0.0877241,0.0762198,0.0584677,0.0500948,0.0440801,0.0425109,0.0418688,0.0359631,0.034624,0.0382954,0.0324447,0.0251499,0.0250329,0.00884002,0.000794091,0.00485006,0.0221697,0.0472139,0.0693918,0.088292,0.107137,0.117171,0.116685,0.104941,0.0876528,0.0703002,0.0557716,0.0425979,0.0308707,0.0182878,0.00898355,0.00492636,0.00219201,0.000512432,5.36147e-05,0.573299,0.197481,0.0998178,0.0533389,0.0299614,0.0178002,0.0106628,0.00661198,0.00422525,0.002728,0.0015991,0.00100864,0.000625121,0.000335853,0.000222097,0.000140842,7.9088e-05,3.90023e-05,1.30008e-05,1.0834e-05,
"./ResampledDatabase/AquaticAnimal",m70.obj,-0.156742,0.708545,-0.115116,-0.0535308,1.14868,0.113715,0.113961,0.149242,0.149221,0.0866895,0.0514378,0.0491789,0.0490728,0.0435726,0.0434757,0.0462201,0.0441262,0.0384518,0.0354836,0.0333454,0.032034,0.0311268,0.0296443,0.0280618,0.0278947,0.0230987,0.00862193,0,0,0,0,0,0,0,0,0,0,0,0,0,0,0.00401808,0.0242759,0.0596015,0.0443663,0.0462079,0.135108,0.102126,0.0833752,0.0393437,0.0172443,0.0220994,0.140465,0.122719,0.093253,0.0510631,0.014733,0.0492756,0.0903998,0.0927072,0.085557,0.0803621,0.0611407,0.0462661,0.0391188,0.0376996,0.0403721,0.0441447,0.0547736,0.0777646,0.0795959,0.0598005,0.0275088,0.0189353,0.0118601,0.0023014,0.000416073,0.00940872,0.0398628,0.0632248,0.0792741,0.0855084,0.0922552,0.0992473,0.0987823,0.0934068,0.0862961,0.0742594,0.0616598,0.0471653,0.0333821,0.0189288,0.00948295,0.00506624,0.00214135,0.000579411,6.80447e-05,0.698522,0.143625,0.0676484,0.0359308,0.0205915,0.0126307,0.00798148,0.00518395,0.00317177,0.00198073,0.0012366,0.000693146,0.000362302,0.000218032,0.000109558,6.50841e-05,2.82031e-05,1.51863e-05,3.25421e-06,2.16947e-06,
"./ResampledDatabase/AquaticAnimal",m71.obj,-0.241256,0.840084,-0.115116,-0.0453627,0.94027,0.113715,0.113961,0.124142,0.138548,0.108596,0.0845619,0.0676728,0.0556667,0.0481814,0.0444537,0.0449426,0.0404073,0.0363918,0.032332,0.0316306,0.0307147,0.0303052,0.0270995,0.0229747,0.0166993,0.0108004,0.00387931,0,0,0,0,0,0,0,0,0,0,0,0,0,0,0,0.00408481,0.134021,0.0807236,0.0589379,0.0595215,0.099008,0.0569928,0.0548531,0.0424042,0.019646,0.0780004,0.141801,0.0869481,0.0694417,0.013616,0.0457787,0.0674468,0.0766856,0.0877437,0.0891379,0.0714686,0.0583181,0.0601744,0.0590162,0.0456217,0.0483342,0.0706354,0.0750313,0.0478441,0.0338034,0.0320101,0.0177674,0.00862164,0.00385973,0.000701133,0.00830419,0.0309744,0.0532681,0.064057,0.0702014,0.0783612,0.0865498,0.0926529,0.094426,0.090755,0.0857896,0.0781879,0.0683365,0.0502635,0.0292085,0.0135687,0.00352239,0.00125527,0.000303246,1.44403e-05,0.556068,0.181258,0.102728,0.0621706,0.0375423,0.022828,0.0144087,0.00894608,0.00551787,0.00344013,0.00221647,0.00130604,0.000755442,0.000419449,0.000222189,9.75463e-05,5.20247e-05,1.30062e-05,5.41924e-06,4.33539e-06,
"./ResampledDatabase/AquaticAnimal",m72.obj,-0.155483,-0.237122,-0.115112,-0.116813,1.08554,0.113715,0.113961,0.135568,0.144873,0.0907806,0.0597292,0.0555811,0.0496606,0.0492832,0.0504844,0.0497039,0.0454217,0.0380216,0.0338054,0.033958,0.0330167,0.0302255,0.0294243,0.0276447,0.0226036,0.0153169,0.00489769,0,0,0,0,0,0,0,0,0,0,0,0,0,0,0,0,0.0175162,0.0497933,0.0452667,0.0816768,0.0995867,0.0759693,0.0704586,0.186184,0.0958473,0.047038,0.037591,0.103326,0.0732139,0.0165322,0.0450848,0.0720665,0.0833954,0.0892164,0.104954,0.0919059,0.0746349,0.0549055,0.0422233,0.046008,0.0530142,0.0308753,0.0342629,0.0683278,0.0598093,0.0244332,0.0155747,0.00674217,0.00211137,0.000454079,0.0109675,0.0319289,0.0561037,0.0722502,0.08501,0.100202,0.113269,0.115748,0.101965,0.0865589,0.0697886,0.0564554,0.0432975,0.0270933,0.0143902,0.00780253,0.00443339,0.00199755,0.000596069,0.000143345,0.680732,0.161834,0.0693006,0.0358236,0.0205289,0.0118567,0.00730649,0.0046152,0.00290807,0.00192173,0.00122046,0.000855188,0.000475827,0.000278559,0.000174506,8.56272e-05,4.01039e-05,2.70972e-05,9.755e-06,5.41944e-06,
"./ResampledDatabase/AquaticAnimal",m73.obj,0.0505678,-0.00277808,-0.115112,-0.116517,0.350137,0.113715,0.113961,0.0999957,0.137639,0.10686,0.0851168,0.0707968,0.0583369,0.0529844,0.051413,0.0457347,0.0398574,0.0361784,0.0341915,0.0323932,0.0303877,0.0303094,0.0302784,0.0266428,0.0178619,0.00978108,0.00324077,0,0,0,0,0,0,0,0,0,0,0,0,0,0,0,0,0,0.0186373,0.0335229,0.0361854,0.175481,0.165315,0.160595,0.137722,0.0766066,0.0705555,0.0601476,0.0279559,0.0239622,0.0133124,0.0219556,0.0640326,0.0865753,0.0948223,0.0882845,0.075825,0.0649057,0.0593471,0.0604182,0.0633205,0.0644567,0.066919,0.058891,0.0397417,0.0257751,0.0217756,0.0203334,0.0154498,0.00659779,0.000573068,0.00535723,0.0362173,0.0725036,0.0926234,0.106139,0.118207,0.123969,0.117798,0.102046,0.0804802,0.0555165,0.033969,0.0206672,0.014009,0.00966611,0.00540671,0.00288221,0.00170809,0.000680349,0.000154625,0.709143,0.16017,0.0641156,0.0312766,0.0169548,0.00872008,0.00464717,0.00235447,0.00132838,0.000671776,0.000299049,0.000156025,9.75158e-05,3.57558e-05,1.73361e-05,7.58457e-06,3.25053e-06,0,1.08351e-06,1.08351e-06,
"./ResampledDatabase/AquaticAnimal",m74.obj,-0.313412,-0.131332,-0.115116,-0.108545,0.604082,0.113715,0.113961,0.154734,0.126942,0.07733,0.0650951,0.0624491,0.0542347,0.049878,0.0494532,0.0468835,0.0403592,0.033143,0.0309044,0.0321077,0.0346661,0.0353704,0.0303114,0.0308136,0.0230984,0.0168958,0.00533015,0,0,0,0,0,0,0,0,0,0,0,0,0,0,0,0.0228632,0.0541681,0.0807246,0.0911009,0.0179388,0.0237425,0.0413296,0.0371087,0.0772072,0.0979599,0.0620823,0.0580373,0.140345,0.115899,0.0794935,0.0687652,0.073688,0.0560229,0.0915682,0.115213,0.0889457,0.0501019,0.0403171,0.0403972,0.0316386,0.0247424,0.022682,0.0231881,0.0624561,0.0802452,0.0325998,0.0257876,0.0441188,0.0235402,0.0039817,0.0127132,0.036756,0.0593944,0.0723396,0.073515,0.0748204,0.0789664,0.0855199,0.0870119,0.0831732,0.0737604,0.0644683,0.0517613,0.0418227,0.0378314,0.0335328,0.0211464,0.00928798,0.00203845,0.000140227,0.632208,0.15827,0.0806909,0.0455819,0.0286901,0.01793,0.0122167,0.00819393,0.00595174,0.0041712,0.00265184,0.00152153,0.000930907,0.000490921,0.000263342,0.000130045,4.8767e-05,3.03439e-05,1.73394e-05,9.75339e-06,
"./ResampledDatabase/AquaticAnimal",m75.obj,-0.160246,-0.216268,-0.115113,-0.11991,1.07747,0.113715,0.113961,0.110752,0.120246,0.0973855,0.0813326,0.0646497,0.0521147,0.0506032,0.0595266,0.0519466,0.0407539,0.0346153,0.031947,0.0319449,0.0325357,0.033178,0.0329254,0.029785,0.0240566,0.0150136,0.00468802,0,0,0,0,0,0,0,0,0,0,0,0,0,0,0,0,0,0,0.00840336,0.326424,0.0857143,0.0795518,0.0860878,0.101774,0.053408,0.0506069,0.0819795,0.0735761,0.0341737,0.0183007,0.0463133,0.0802701,0.0842739,0.0890778,0.0887197,0.0785907,0.0695509,0.0546579,0.0656641,0.0911202,0.0935187,0.069939,0.0273295,0.0139718,0.015028,0.0161822,0.0113173,0.00366573,0.000717143,9.20184e-05,0.00742935,0.0361889,0.0642042,0.0821404,0.0940154,0.101933,0.103978,0.0991446,0.0928823,0.0840405,0.0705365,0.0556098,0.0417738,0.028541,0.0190899,0.0108162,0.00528179,0.00193724,0.000415491,4.12398e-05,0.652606,0.161203,0.0784245,0.0440007,0.0263001,0.0158444,0.00913367,0.0054581,0.00318579,0.00183345,0.000942733,0.000535299,0.000293656,0.000123531,6.71833e-05,3.14244e-05,9.75241e-06,3.2508e-06,1.0836e-06,2.1672e-06,
"./ResampledDatabase/AquaticAnimal",m77.obj,-0.53348,-0.461171,-0.115116,-0.131988,-0.35565,0.113875,0.113961,0.20419,0.136695,0.0918475,0.0548542,0.0415291,0.0403495,0.0412497,0.0345794,0.033571,0.0305241,0.0266698,0.0238919,0.0238909,0.0232764,0.0315418,0.0442389,0.0509267,0.0354095,0.0244003,0.00636403,0,0,0,0,0,0,0,0,0,0,0,0,0.000267344,0,0,0,0,0,0.000133672,0.000133672,0.998931,0,0.000133672,0,0,0,0.000267344,0,0,0.000133672,0.997744,0.000226035,0,0,0.000168026,0,1.00016e-06,0.00116418,0,0,0,0,0,0.000106016,0,0.000150023,0,0,0,0.000441068,0.998612,0.00112172,0.000262903,0,0,0,1.03099e-06,0,1.03099e-06,0,0,0,0,0,0,0,0,0,0,1.03099e-06,0.999982,8.66658e-06,1.08332e-06,1.08332e-06,0,0,1.08332e-06,1.08332e-06,0,2.16665e-06,1.08332e-06,1.08332e-06,0,0,0,0,0,0,0,1.08332e-06,
"./ResampledDatabase/AquaticAnimal",m78.obj,0.0199428,-0.169744,-0.115108,-0.121778,1.00506,0.113715,0.113961,0.123728,0.129194,0.105606,0.081291,0.062491,0.0463355,0.0417404,0.0367371,0.0320585,0.0301831,0.0314801,0.0318048,0.0326832,0.0349205,0.0397032,0.0433745,0.0412548,0.0317564,0.017536,0.00612198,0,0,0,0,0,0,0,0,0,0,0,0,0,0,0,0,0,0.0100013,0.0328614,0.0280556,0.0145473,0.0350695,0.157163,0.136511,0.1382,0.145733,0.122224,0.128718,0.0492272,0.00168853,0.0368662,0.0669704,0.0685306,0.078479,0.0917448,0.0904847,0.0796912,0.0798682,0.0709979,0.0635489,0.0539396,0.0458024,0.0400266,0.0330036,0.0293731,0.0244314,0.0190767,0.0168254,0.00936131,0.000978137,0.00663288,0.030115,0.05913,0.084277,0.101064,0.110625,0.117208,0.116465,0.105939,0.0900294,0.0703535,0.0494982,0.0300108,0.0151286,0.00727411,0.00366283,0.00157936,0.000704112,0.000270099,3.19582e-05,0.645651,0.176477,0.0791206,0.0415407,0.0235643,0.0135129,0.00809601,0.00485457,0.00290668,0.00182548,0.0010877,0.000583936,0.000377012,0.000189589,0.000105087,5.30851e-05,3.14177e-05,1.62505e-05,3.25011e-06,3.25011e-06,
"./ResampledDatabase/AquaticAnimal",m79.obj,-0.233631,-0.38651,-0.115096,-0.123852,0.122019,0.113715,0.113961,0.176362,0.178212,0.0989335,0.0610564,0.0429597,0.034516,0.0305045,0.0266682,0.0253723,0.02403,0.0242104,0.0254259,0.0269693,0.0296488,0.032885,0.036512,0.0399761,0.0392379,0.0332108,0.0133089,0,0,0,0,0,0,0,0,0,0,0,0,0,0,0,0,0,0,0,0,0,0,0,0.012956,0.11149,0.221275,0.29367,0.240596,0.091374,0.0286396,0.0428987,0.112493,0.128187,0.117503,0.0980897,0.0854943,0.0771804,0.0670133,0.0625398,0.0536528,0.0435667,0.0387932,0.0310794,0.0203282,0.0103351,0.00577463,0.00316334,0.00148016,0.000398043,2.90032e-05,0.00371204,0.0246596,0.0607028,0.0951358,0.119431,0.132005,0.130656,0.119795,0.101619,0.0792496,0.0560445,0.0362256,0.021194,0.0110918,0.00527994,0.00215754,0.000751479,0.000206167,6.49426e-05,1.8555e-05,0.797589,0.130678,0.0414085,0.0163595,0.00729942,0.00332521,0.00161005,0.000796359,0.000423642,0.000222114,0.000123517,7.04264e-05,4.44228e-05,2.49201e-05,8.66786e-06,9.75134e-06,2.16696e-06,2.16696e-06,1.08348e-06,1.08348e-06,
"./ResampledDatabase/AquaticAnimal",m80.obj,-0.134454,-0.0225082,-0.115115,-0.104544,0.759213,0.113715,0.113961,0.120192,0.13278,0.110006,0.0843977,0.0622426,0.0503462,0.045587,0.0401318,0.03443,0.0317529,0.0312208,0.0307186,0.0324717,0.0341918,0.0367637,0.0378579,0.0336153,0.0272588,0.0174568,0.00657828,0,0,0,0,0,0,0,0,0,0,0,0,0,0,0,0,0,0,0,0,0,0.0333727,0.0375864,0.144783,0.111748,0.121861,0.244227,0.194674,0.100455,0.0112928,0.0371418,0.0670195,0.0792724,0.0875227,0.0985535,0.113199,0.0971553,0.070252,0.0532984,0.0516141,0.0592123,0.0499628,0.0377539,0.0283505,0.025397,0.0225155,0.0157405,0.00500179,0.000968152,6.90108e-05,0.00923021,0.0312145,0.0580247,0.0776408,0.0933403,0.106592,0.117035,0.116872,0.105139,0.0896546,0.0741623,0.0524977,0.0325362,0.0186326,0.00992405,0.00474346,0.00191037,0.00065363,0.00016083,3.60837e-05,0.645845,0.175724,0.0786257,0.0403424,0.022918,0.0135197,0.00840986,0.00523991,0.00334119,0.00221084,0.00133951,0.000927686,0.000624237,0.000425912,0.000250345,0.000143054,4.98523e-05,4.11823e-05,1.51724e-05,6.50247e-06,
"./ResampledDatabase/AquaticAnimal",m81.obj,-0.309137,-0.148417,-0.115116,-0.111023,0.272904,0.113715,0.113961,0.187004,0.153559,0.0915226,0.0583119,0.0508085,0.0419555,0.0342161,0.0302113,0.0281315,0.0285914,0.0255476,0.0276665,0.0328828,0.0337407,0.0309681,0.0336314,0.0404573,0.0423164,0.0214624,0.00701561,0,0,0,0,0,0,0,0,0,0,0,0,0,0,0,0,0,0.00456621,0.0538432,0.0605023,0.0515601,0.112253,0.0941781,0.076484,0.0580289,0.0239726,0.0797184,0.0633562,0.219749,0.101788,0.080888,0.091704,0.0599651,0.064808,0.0831574,0.0746548,0.0713372,0.0564274,0.059312,0.0439971,0.0470927,0.0674995,0.0327941,0.0240945,0.0284783,0.0415597,0.0363217,0.0297735,0.005391,0.000744138,0.0166546,0.0369175,0.0621179,0.074795,0.0875731,0.100179,0.107669,0.11157,0.112331,0.0962582,0.0736555,0.0515745,0.0322851,0.0189171,0.00974215,0.00464678,0.00209033,0.000725995,0.000229967,6.70308e-05,0.718042,0.159636,0.0624123,0.0276319,0.0137585,0.00749429,0.00454968,0.0027051,0.00166901,0.000988401,0.00047686,0.000286116,0.000159315,7.80317e-05,4.55185e-05,3.03457e-05,1.95079e-05,8.67019e-06,6.50264e-06,2.16755e-06,
"./ResampledDatabase/TruckNonContainer",D00143.obj,3.13891,0.13911,-0.114525,-0.117728,0.637891,0.113715,0.113961,0.0356859,0.0799123,0.097247,0.101018,0.0979512,0.0929468,0.0871033,0.076938,0.0667933,0.058095,0.0483647,0.0399995,0.0323136,0.0257835,0.0201276,0.0151511,0.0110582,0.00757967,0.00442903,0.00150212,0,0,0,0,0,0,0,0,0,0,0,0,0.00860507,0.0197011,0.03125,0.0515172,0.0615942,0.0879755,0.0844656,0.10745,0.118659,0.111187,0.0961277,0.069067,0.0499321,0.0328351,0.0225317,0.0262681,0.0168705,0.00396286,0.00473252,0.0171239,0.0352509,0.05445,0.0705258,0.0766984,0.081723,0.0914641,0.0855054,0.0812619,0.0808879,0.0740871,0.0664973,0.0591705,0.0464521,0.0317705,0.0215694,0.0136785,0.0063447,0.000806089,0.00101034,0.00665278,0.0188305,0.0377981,0.0591771,0.0807345,0.100173,0.113198,0.117257,0.113813,0.101203,0.0832644,0.0639319,0.045455,0.028704,0.0163902,0.00823221,0.00330423,0.000808272,6.18576e-05,0.408545,0.216193,0.131557,0.0823327,0.0540913,0.0358373,0.0245258,0.0167793,0.0114751,0.00769235,0.0048447,0.00285741,0.00166438,0.00089829,0.000400925,0.000171206,7.80179e-05,3.68418e-05,1.40866e-05,5.41791e-06,
"./ResampledDatabase/TruckNonContainer",D00148.obj,0.149739,-0.151238,-0.115102,-0.118203,-0.759543,0.113715,0.113961,0.0710578,0.106669,0.114473,0.0998193,0.079319,0.0693198,0.0630864,0.060969,0.0584991,0.0536552,0.0451611,0.0355351,0.0303232,0.0263617,0.0230898,0.0193241,0.0168501,0.0136813,0.00933735,0.00346878,0,0,0,0,0,0,0,0,0,0,0,0,0,0,0,0,0.00365589,0.0431852,0.0844282,0.132297,0.128642,0.0846567,0.0739175,0.0637496,0.0698046,0.0635211,0.0852279,0.0973381,0.0580372,0.0115389,0.0105252,0.0345968,0.0474592,0.0586274,0.0801978,0.0863925,0.0849673,0.0858034,0.0691036,0.0555021,0.0487694,0.0488104,0.0584084,0.0619248,0.0459551,0.0394223,0.0400184,0.0305104,0.0114793,0.00152617,0.0020625,0.00991446,0.0258329,0.0456071,0.0653608,0.083781,0.0959312,0.0981577,0.0950701,0.089852,0.0852402,0.0809853,0.0730219,0.058307,0.0418204,0.026661,0.0150717,0.00580904,0.00141694,9.69377e-05,0.460408,0.209028,0.11555,0.070591,0.0467908,0.0322611,0.0219517,0.0151711,0.010018,0.00668193,0.00463304,0.00293519,0.0017921,0.00104449,0.000645765,0.000303379,0.000136521,4.33399e-05,9.75148e-06,4.33399e-06,
"./ResampledDatabase/TruckNonContainer",D00215.obj,0.656371,-0.379547,-0.114031,-0.127324,0.303076,0.113715,0.113961,0.0818893,0.101887,0.115287,0.0870357,0.0711562,0.0662943,0.0577396,0.0546025,0.054188,0.0531664,0.0488375,0.040692,0.0355425,0.0318033,0.0278198,0.0234661,0.0197888,0.0151156,0.00983718,0.00385054,0,0,0,0,0,0,0,0,0,0,0,0,0,0,0.00105963,0.0309219,0.0699355,0.0929583,0.0976785,0.111935,0.0760042,0.0700318,0.074174,0.0783162,0.0575089,0.0472979,0.0505732,0.0533667,0.0551007,0.0331375,0.0163736,0.0398908,0.0459444,0.0501908,0.0789135,0.110819,0.106754,0.073725,0.0476315,0.0462484,0.0513169,0.052722,0.052423,0.0504288,0.0498907,0.0459914,0.0286537,0.0230232,0.020808,0.00825178,0.00176834,0.00964907,0.0233081,0.040212,0.0575367,0.0711936,0.0806684,0.0892854,0.0942223,0.0871964,0.0776061,0.0737549,0.0763275,0.0736136,0.0620013,0.0454851,0.0252538,0.00874892,0.002022,0.000146417,0.428941,0.204938,0.119348,0.0764393,0.0509408,0.0351379,0.0249049,0.018032,0.0131295,0.00959824,0.0068415,0.00483432,0.00316836,0.00186527,0.00104854,0.000511271,0.000239387,6.06592e-05,1.84144e-05,2.1664e-06,
"./ResampledDatabase/TruckNonContainer",D00252.obj,0.99732,0.616918,-0.115103,-0.10084,1.30662,0.113715,0.113961,0.0667842,0.0796827,0.0890624,0.100325,0.0796466,0.0695482,0.06851,0.0687307,0.0670986,0.0630923,0.0541301,0.0437317,0.035153,0.0284589,0.0245082,0.0207875,0.0172378,0.0123149,0.00809518,0.00310219,0,0,0,0,0,0,0,0,0,0,0,0,0,0,0.00837112,0.00889431,0.0148239,0.00959191,0.0156958,0.0380188,0.0551099,0.0725497,0.118765,0.12452,0.116847,0.104465,0.107778,0.113882,0.0640042,0.0266829,0.0140994,0.0430414,0.0462169,0.0527371,0.0585221,0.0631929,0.108539,0.0968837,0.0654763,0.0608265,0.06423,0.0682247,0.0683828,0.0627698,0.0489994,0.0372704,0.0238391,0.0121811,0.00415271,0.000415071,0.00193226,0.0117657,0.0276465,0.0456421,0.065077,0.0808464,0.0914584,0.0901118,0.0847821,0.0777439,0.0735546,0.0744393,0.079205,0.0755889,0.0612445,0.0364551,0.0151662,0.00562664,0.00150435,0.000209311,0.465588,0.19754,0.115625,0.0693397,0.0417066,0.0269753,0.0197429,0.0157263,0.0130622,0.0108978,0.00821104,0.00586782,0.00397113,0.00262394,0.00158672,0.000883316,0.000395595,0.000185334,5.96103e-05,1.19221e-05,
"./ResampledDatabase/TruckNonContainer",D00353.obj,-0.53348,-0.461284,-0.115116,8.77248,1.13552,-8.77495,-8.77496,1,0,0,0,0,0,0,0,0,0,0,0,0,0,0,0,0,0,0,0,0,0,0,0,0,0,0,0,0,0,0,0,0,0,0,0,0,0,0,0,0,0,0,0,0,0,0,0,0,1,0.999847,0,0,0,0,0,0,0,0,0,0,0,0,0,0,0,0,0,0,0.000153024,1,0,0,0,0,0,0,0,0,0,0,0,0,0,0,0,0,0,0,0,1,0,0,0,0,0,0,0,0,0,0,0,0,0,0,0,0,0,0,0,
"./ResampledDatabase/TruckNonContainer",D00572.obj,0.345629,-0.162047,-0.115084,-0.104351,-0.669291,0.113715,0.113961,0.0864944,0.132749,0.115879,0.0913819,0.0717936,0.0602577,0.0531764,0.0492208,0.0459373,0.0424374,0.0381148,0.0341355,0.0321087,0.02975,0.0272366,0.0252996,0.0236718,0.0203089,0.014708,0.00533805,0,0,0,0,0,0,0,0,0,0,0,0,0,0,0,0,0,0.00371893,0.0702682,0.14817,0.139656,0.166373,0.125073,0.106283,0.134273,0.055686,0.0295557,0.0185946,0.000391466,0.00195733,0.0189197,0.0713983,0.110918,0.13389,0.12877,0.107557,0.0917981,0.0694861,0.057144,0.0559419,0.0493523,0.0432968,0.0310847,0.0136012,0.00719763,0.00714363,0.00197617,0.000195017,0.000202018,0.000127011,0.00126171,0.0110678,0.0338651,0.0651738,0.0932313,0.115516,0.123896,0.122347,0.10968,0.0935117,0.0746665,0.057116,0.0411642,0.0279812,0.0171104,0.00797226,0.00313778,0.00106792,0.000180391,5.25711e-05,0.606036,0.207023,0.0909114,0.043869,0.0230028,0.0124564,0.00718329,0.00409328,0.00243127,0.00139657,0.000724829,0.000431214,0.000211273,0.000112679,4.5505e-05,4.87553e-05,1.1918e-05,4.33381e-06,4.33381e-06,2.1669e-06,
"./ResampledDatabase/TruckNonContainer",D00731.obj,1.30363,0.322853,-0.115073,-0.0856765,0.751385,0.113715,0.113961,0.0902994,0.115243,0.108924,0.0782212,0.061995,0.0586973,0.0567645,0.0537669,0.0525619,0.0505868,0.0478634,0.0436761,0.0381622,0.0340327,0.0297981,0.0255171,0.0215206,0.0175045,0.0110309,0.00383365,0,0,0,0,0,0,0,0,0,0,0,0,0,0,0.00808651,0.0276446,0.0438176,0.0468265,0.0852844,0.10174,0.100235,0.035543,0.00940291,0.0102492,0.064598,0.111613,0.0931829,0.0874471,0.108228,0.0661025,0.0146875,0.0518402,0.0669158,0.0813112,0.0983039,0.0998741,0.069166,0.0453766,0.0378438,0.0420192,0.0546715,0.0684089,0.0699081,0.059182,0.0500391,0.039169,0.0273938,0.0161226,0.00642565,0.00134114,0.00143413,0.0112905,0.0312446,0.0539154,0.0766181,0.0902635,0.0974444,0.0967248,0.0888603,0.0819536,0.0800081,0.0793441,0.0740025,0.060884,0.0412495,0.0230986,0.00878314,0.00232079,0.000514472,4.53642e-05,0.531397,0.211581,0.108495,0.0581396,0.0320657,0.0196077,0.012797,0.00889822,0.00609031,0.0040797,0.00276133,0.00168345,0.00103455,0.000622897,0.000361822,0.00021016,9.64136e-05,4.44153e-05,2.59992e-05,7.58309e-06,
"./ResampledDatabase/TruckNonContainer",D00737.obj,1.47811,0.154286,-0.115024,-0.112183,0.637173,0.113715,0.113961,0.045921,0.0908555,0.102083,0.103964,0.0943253,0.0805553,0.0700778,0.0622527,0.0564614,0.0508062,0.045886,0.0409266,0.0357682,0.031415,0.026605,0.0216549,0.0172099,0.0126536,0.00791688,0.00266164,0,0,0,0,0,0,0,0,0,0,0,0,0,0.0101292,0.0529747,0.0976831,0.138433,0.0987309,0.0912795,0.0972174,0.0752125,0.062289,0.0310863,0.0281756,0.0322506,0.0486669,0.0540226,0.037257,0.0327163,0.0118757,0.00814703,0.0328501,0.0612897,0.0833175,0.0991955,0.112231,0.111165,0.105248,0.0884932,0.0738273,0.0652162,0.0501903,0.0382658,0.0276455,0.0198305,0.0125376,0.00611177,0.00333142,0.000978123,0.000128016,0.00131653,0.00837134,0.0255522,0.048961,0.0766947,0.100389,0.115655,0.121489,0.115939,0.102748,0.0869702,0.0688831,0.0508167,0.0349225,0.0214098,0.0119271,0.00559601,0.00184747,0.00045465,5.67024e-05,0.541674,0.222943,0.107852,0.0564661,0.030638,0.0170327,0.0100751,0.00576786,0.00327347,0.00186591,0.00104781,0.000606801,0.000377083,0.000198294,0.000105107,4.87608e-05,2.05879e-05,5.41786e-06,1.08357e-06,1.08357e-06,
"./ResampledDatabase/TruckNonContainer",D00879.obj,1.38733,1.1379,-0.115104,-0.0925271,0.770085,0.113715,0.113961,0.0711198,0.0864034,0.0892796,0.101623,0.0913496,0.0806594,0.0706785,0.0609059,0.0539444,0.0510899,0.0453088,0.0396772,0.0337352,0.0300282,0.026749,0.0223503,0.0182382,0.0138147,0.00943865,0.00360598,0,0,0,0,0,0,0,0,0,0,0.000128568,0.00282849,0.00321419,0.00539985,0.0136282,0.016071,0.00694266,0.00578555,0.0374132,0.0775264,0.102726,0.119697,0.102726,0.117254,0.120082,0.0991257,0.0764978,0.054127,0.0340705,0.00475701,0.0183005,0.0532372,0.0403174,0.0582209,0.0551414,0.0702645,0.0821851,0.107637,0.0906142,0.0766543,0.0791487,0.0723218,0.0648498,0.0464803,0.0341426,0.0246923,0.0142619,0.00868517,0.00246533,0.000380051,0.00380848,0.0178681,0.0365692,0.0610202,0.0799193,0.0899776,0.0894982,0.0846825,0.0791419,0.0827009,0.0810967,0.0786068,0.0703929,0.0582221,0.0423716,0.0255016,0.0120059,0.00524362,0.00123822,0.000134029,0.575619,0.186418,0.0865573,0.0472444,0.0319251,0.0225509,0.0162349,0.0112402,0.0079368,0.00541668,0.00354748,0.00225975,0.00143743,0.000794114,0.000441536,0.000231074,9.32975e-05,3.68851e-05,1.19334e-05,3.25457e-06,
"./ResampledDatabase/Violin",D00108.obj,-0.264833,-0.461187,8.77476,-0.131971,-0.124605,0.113715,0.113961,0.144382,0.133557,0.101459,0.0757291,0.0590374,0.0486987,0.0432912,0.0387332,0.0362,0.0342721,0.0302347,0.0289068,0.0296564,0.0319854,0.0319359,0.0314987,0.0313544,0.0299069,0.0261263,0.0130348,0,0,0,0,0,0,0,0,0,0,0,0,0,0,0,0,0,0,0,0.0104317,0.0785971,0.0886691,0.0631295,0.104317,0.130576,0.121583,0.132914,0.118525,0.102518,0.048741,0.0312402,0.0752116,0.0881677,0.103118,0.110607,0.100043,0.0788802,0.0695816,0.0631776,0.0504614,0.0404518,0.0312162,0.0307521,0.0302551,0.0303161,0.0263874,0.0200403,0.0127781,0.00535689,0.00195733,0.00737793,0.0278163,0.0649555,0.106665,0.126519,0.127178,0.118899,0.100421,0.0815708,0.0678648,0.0561832,0.0435302,0.0295323,0.0192265,0.0113783,0.0059898,0.00298459,0.00145929,0.00039602,5.25964e-05,0.579186,0.21367,0.107881,0.0533368,0.025285,0.0116205,0.0050429,0.00221094,0.000935316,0.0004682,0.000180994,8.88713e-05,4.44356e-05,1.84245e-05,1.30056e-05,9.75416e-06,3.25139e-06,3.25139e-06,0,1.0838e-06,
"./ResampledDatabase/Violin",D00216.obj,-0.230304,-0.257794,-0.115113,-0.108671,-0.687164,0.113715,0.113961,0.109771,0.145793,0.113439,0.0833872,0.0657988,0.054132,0.048061,0.0435003,0.0403601,0.0367994,0.0334809,0.030417,0.028348,0.0272964,0.0284727,0.0286892,0.0286861,0.0272531,0.0196708,0.00664318,0,0,0,0,0,0,0,0,0,0,0,0,0,0,0,0,0,0,0,0.00882009,0.0860409,0.0791108,0.0946809,0.0943209,0.131221,0.141571,0.0888309,0.103051,0.0885609,0.0837908,0.021677,0.0689193,0.0978579,0.114829,0.11153,0.103488,0.0864629,0.0725846,0.0647549,0.055254,0.0449381,0.033223,0.021967,0.0206649,0.0186567,0.0188617,0.0201808,0.0147323,0.00779571,0.00162115,0.0028236,0.0157808,0.0405602,0.0736795,0.107864,0.129052,0.13641,0.124501,0.105107,0.0842605,0.0630872,0.0444096,0.0292112,0.0190106,0.0114274,0.00620387,0.00359986,0.00206487,0.000805122,0.000142262,0.494476,0.231887,0.127819,0.06907,0.036238,0.0194455,0.0102038,0.00534833,0.00274946,0.00133681,0.000671656,0.000345578,0.00019933,0.000100748,6.60823e-05,2.70829e-05,8.66653e-06,2.16663e-06,2.16663e-06,2.16663e-06,
"./ResampledDatabase/Violin",D00250.obj,-0.239647,-0.325338,-0.11511,-0.107177,-0.622878,0.113715,0.113961,0.139013,0.161871,0.115937,0.0760765,0.0557204,0.043444,0.0372352,0.0329768,0.0309553,0.0293864,0.0280751,0.0264062,0.0264794,0.0272041,0.0294389,0.0318913,0.0347045,0.0360095,0.028205,0.00897043,0,0,0,0,0,0,0,0,0,0,0,0,0,0,0,0,0,0,0,0,0,0.0269033,0.0756865,0.137531,0.167002,0.174034,0.156731,0.107502,0.10125,0.0533601,0.0248128,0.0633381,0.089185,0.106852,0.107699,0.103787,0.0859086,0.0691757,0.0611258,0.053245,0.0477643,0.0408546,0.0309725,0.0278751,0.0247068,0.0208653,0.0188361,0.0133445,0.00734982,0.00230226,0.00265132,0.0177202,0.0432603,0.0748617,0.107322,0.128517,0.131941,0.12028,0.100949,0.0799572,0.0616999,0.0467641,0.0328075,0.0218672,0.01387,0.0078179,0.00432644,0.00223899,0.000955589,0.000192767,0.443802,0.20478,0.12731,0.0828628,0.0546859,0.0354383,0.0217703,0.0130579,0.00751288,0.00414601,0.00231357,0.00114649,0.000584082,0.000312089,0.00015171,8.12731e-05,2.16728e-05,1.73383e-05,4.33456e-06,1.08364e-06,
"./ResampledDatabase/Violin",D00324.obj,-0.112126,-0.314828,-0.115101,-0.11262,1.145,0.113715,0.113961,0.147676,0.138714,0.106564,0.0766239,0.0597126,0.0483048,0.0416394,0.0378423,0.035902,0.0342236,0.0312409,0.0295882,0.0277448,0.029082,0.0300501,0.0299027,0.0267819,0.0271283,0.0270541,0.0142245,0,0,0,0,0,0,0,0,0,0,0,0,0,0,0,0,0,0.0337582,0.14862,0.0711584,0.0539291,0.0669562,0.11094,0.0993136,0.0762011,0.0857263,0.168511,0.0417425,0.0236728,0.0194705,0.0424824,0.0685926,0.087049,0.109869,0.10653,0.107145,0.0769547,0.0607437,0.0619038,0.0529587,0.0422523,0.0361656,0.0293707,0.039778,0.0360365,0.0179323,0.0121845,0.00402251,0.00526866,0.00276035,0.00779119,0.0275315,0.0478534,0.0695701,0.0921241,0.106974,0.111398,0.105159,0.0916044,0.0790346,0.0676556,0.0561126,0.0476781,0.0393147,0.027515,0.0137926,0.00591994,0.00217539,0.000651585,0.000143308,0.575642,0.187115,0.0977522,0.0562471,0.0337674,0.0202057,0.0120265,0.00729941,0.00430066,0.00255393,0.00147551,0.000848416,0.000413359,0.000179014,9.22191e-05,4.23123e-05,1.95287e-05,1.08493e-05,5.42465e-06,3.25479e-06,
"./ResampledDatabase/Violin",D00340.obj,-0.223613,-0.457638,-0.105483,-0.131248,-0.518375,0.113715,0.113961,0.166023,0.148248,0.101452,0.0665082,0.0506667,0.0428609,0.0371828,0.0339551,0.0333644,0.0320263,0.0295058,0.0280358,0.0281554,0.0291677,0.0292337,0.0329582,0.0341541,0.0319851,0.0298697,0.0146478,0,0,0,0,0,0,0,0,0,0,0,0,0,0,0,0,0,0,0,0.00731452,0.0842476,0.1314,0.0943051,0.0822884,0.102011,0.102795,0.123171,0.101358,0.108542,0.0625653,0.0367482,0.0741655,0.0798922,0.0926917,0.0883962,0.0943599,0.0717723,0.0534041,0.0474165,0.0423619,0.0424049,0.0458703,0.0421688,0.0427889,0.0363582,0.026138,0.0280702,0.0277332,0.0198653,0.00739385,0.00594007,0.0276282,0.0520555,0.080958,0.108989,0.120172,0.116249,0.102558,0.0854001,0.0725128,0.0603296,0.0519813,0.0438155,0.0315405,0.0195325,0.0112513,0.0053906,0.00245768,0.00100101,0.000237108,0.541638,0.198381,0.106022,0.0627818,0.0381941,0.0231163,0.0136216,0.00780872,0.00422886,0.00212798,0.00104557,0.000518992,0.000281708,0.000135436,5.63415e-05,3.14212e-05,7.58443e-06,0,2.16698e-06,1.08349e-06,
"./ResampledDatabase/Violin",D00349.obj,-0.0919391,-0.419676,-0.114902,-0.131018,0.774018,0.113715,0.113961,0.121574,0.14623,0.109477,0.077378,0.0617383,0.0500796,0.0434445,0.0381033,0.0351451,0.0340315,0.0322601,0.0311877,0.0298019,0.0298174,0.029804,0.0301886,0.0305021,0.0300917,0.0271324,0.0120123,0,0,0,0,0,0,0.00332864,0.0323902,0.0186916,0.0500576,0.0119063,0.0143388,0.0175394,0.0509538,0.0889771,0.0382793,0.0394316,0.0271412,0.0358469,0.0513379,0.0466009,0.0745103,0.0515939,0.0733581,0.062604,0.0340545,0.0348227,0.0304699,0.0453207,0.0664448,0.0259492,0.0671973,0.0959379,0.110384,0.113685,0.105821,0.0960939,0.0814191,0.0569011,0.0461757,0.0434774,0.0421752,0.0267813,0.0225248,0.0214647,0.0133467,0.0108853,0.0097102,0.00908213,0.000988123,0.0038423,0.0180524,0.0428232,0.0720374,0.100211,0.121178,0.130492,0.123584,0.10655,0.0857082,0.065779,0.047442,0.0327008,0.0222082,0.0133356,0.00690294,0.0039413,0.0019954,0.000864156,0.000352675,0.469207,0.20799,0.124378,0.0773015,0.0473606,0.029618,0.0176895,0.0109013,0.00655095,0.0037869,0.00235124,0.00132948,0.000667448,0.000377065,0.00025571,0.000122438,6.50111e-05,3.03385e-05,9.75167e-06,7.58463e-06,
"./ResampledDatabase/Violin",D00376.obj,-0.260346,-0.424788,-0.11505,-0.129818,0.580145,0.113715,0.113961,0.159669,0.154631,0.0985586,0.0682954,0.0541103,0.0464352,0.0407459,0.0375651,0.0351762,0.0332718,0.0307674,0.0290951,0.0282424,0.0282341,0.0280351,0.0285744,0.0296044,0.0292982,0.0270216,0.0126695,0,0,0,0,0,0,0,0,0,0,0,0,0,0.00203775,0.0448305,0.0653153,0.0224153,0.0155513,0.0194123,0.0303518,0.0816173,0.0900901,0.0826898,0.0977048,0.106928,0.0936293,0.0590948,0.042042,0.0652081,0.0810811,0.0306064,0.0836234,0.110858,0.116251,0.114878,0.0936115,0.0663684,0.0540351,0.0588326,0.0512757,0.035945,0.0309805,0.0319446,0.0302904,0.0222565,0.0164798,0.0151717,0.0167059,0.0163038,0.0035814,0.00416157,0.0213532,0.0519789,0.0904247,0.124017,0.134637,0.12988,0.116887,0.0964171,0.0727249,0.0525469,0.0370933,0.0249055,0.0175225,0.0121497,0.00702529,0.00382242,0.00173906,0.00051749,0.000196894,0.482143,0.211377,0.124134,0.0747248,0.0441818,0.0260667,0.0157676,0.00934683,0.00594631,0.00336802,0.00162389,0.000792985,0.00035316,0.000114831,3.24994e-05,1.40831e-05,5.41657e-06,3.24994e-06,2.16663e-06,2.16663e-06,
"./ResampledDatabase/Violin",D00506.obj,-0.235949,-0.430821,-0.114994,-0.130256,-0.15509,0.113715,0.113961,0.152028,0.147152,0.0985233,0.0703642,0.0558068,0.0471064,0.0418577,0.0368801,0.0339501,0.0326129,0.0310871,0.0283838,0.0280457,0.0284478,0.028588,0.0294777,0.0330985,0.036077,0.029055,0.0114573,0,0,0,0,0,0,0,0,0,0,0,0,0,0,0,0,0,0.0992931,0.125643,0.032455,0.0592866,0.0690874,0.0713368,0.0882069,0.118734,0.135443,0.0919023,0.0480398,0.0351864,0.0253856,0.032729,0.0854842,0.103641,0.0979521,0.0971,0.0929023,0.0730472,0.0569528,0.0429766,0.0364976,0.0441658,0.0501397,0.0555786,0.045487,0.0342813,0.0184538,0.013089,0.0101006,0.00577189,0.00364956,0.00681826,0.0247058,0.0491342,0.079155,0.111631,0.129121,0.131042,0.122256,0.0986736,0.0734822,0.054908,0.0394455,0.028833,0.0215704,0.0152285,0.00790704,0.00369628,0.00177545,0.000541296,7.62969e-05,0.508989,0.202351,0.115859,0.0690451,0.0414171,0.0261619,0.0157905,0.00903848,0.00515587,0.00295178,0.00145639,0.000794294,0.000437783,0.000270905,0.000160376,7.26026e-05,3.46759e-05,1.19198e-05,1.08362e-06,1.08362e-06,
"./ResampledDatabase/Violin",D00570.obj,-0.444665,-0.449004,-0.115096,-0.131673,0.353306,0.113715,0.113961,0.152096,0.14348,0.106686,0.0741506,0.0544825,0.0442778,0.0398023,0.0359701,0.0328462,0.0311564,0.0305533,0.0299831,0.0305584,0.0319812,0.0309286,0.0310038,0.0314131,0.0310162,0.0264077,0.0112058,0,0,0,0,0,0,0,0,0,0,0,0,0,0,0,0,0,0.0655908,0.0894066,0.0281104,0.07405,0.11127,0.094482,0.152395,0.161504,0.144846,0.0485424,0.0221239,0,0.00767829,0.096537,0.168371,0.191005,0.128597,0.109359,0.0733419,0.0676681,0.0588879,0.0501878,0.0187765,0.00494367,0.00467763,0.00172723,0.00614583,0.00386352,0.00434459,0.00404655,0.00301541,0.00199327,0.00251134,0.0400811,0.176854,0.261088,0.210695,0.142472,0.0786642,0.0352138,0.0157877,0.00813046,0.00672933,0.00693553,0.00473435,0.00343838,0.00272287,0.00175167,0.00162589,0.00118359,0.0010475,0.000682521,0.000161867,0.951807,0.0276676,0.0113518,0.00491522,0.0022073,0.00101534,0.000425856,0.000210219,0.000126782,7.3685e-05,4.22605e-05,2.92573e-05,3.57589e-05,3.25081e-05,2.16721e-05,8.66883e-06,9.75243e-06,8.66883e-06,7.58522e-06,3.25081e-06,
"./ResampledDatabase/Violin",D00602.obj,-0.16913,-0.455388,-0.109128,-0.131124,1.13745,0.113715,0.113961,0.108238,0.136824,0.108332,0.0796963,0.0634935,0.0535468,0.0471494,0.0432124,0.040554,0.0374192,0.0348454,0.0325675,0.0311084,0.0305764,0.0307702,0.0314209,0.0319468,0.0292657,0.0215567,0.00747601,0,0,0,0,0,0,0,0,0,0,0,0,0,0.00168503,0.000388853,0.0718082,0.0670123,0.0480881,0.0894362,0.0747894,0.0666235,0.130395,0.113804,0.0894362,0.0847699,0.105898,0.0418665,0,0,0.0139987,0.0328154,0.0838242,0.116333,0.127235,0.128517,0.0983512,0.0806288,0.0686472,0.0608992,0.0469803,0.0342756,0.0317743,0.0329664,0.0261415,0.0173333,0.00803208,0.00170823,0.0014902,0.0014992,0.000548073,0.002895,0.018701,0.0470664,0.083123,0.117811,0.13402,0.131641,0.117775,0.0981888,0.0794692,0.0625683,0.0439993,0.0283098,0.0166504,0.00942834,0.00482706,0.00239085,0.000896955,0.000211352,2.68056e-05,0.571704,0.229756,0.108856,0.0497224,0.0220656,0.00989833,0.00414679,0.00184314,0.00092211,0.000511441,0.000287144,0.000156033,6.71808e-05,3.90082e-05,8.66849e-06,8.66849e-06,4.33424e-06,1.08356e-06,1.08356e-06,1.08356e-06,
"./ResampledDatabase/Violin",D00620.obj,-0.304364,-0.393604,-0.115105,-0.114521,-0.567138,0.113715,0.113961,0.148022,0.126783,0.0904928,0.0659537,0.0575345,0.051988,0.0487863,0.0448731,0.0419952,0.0386564,0.0352413,0.0329738,0.0304588,0.0279913,0.0269055,0.0269334,0.0290895,0.0307414,0.0295937,0.0149866,0,0,0,0,0,0,0,0,0,0,0,0,0,0,0,0,0,0,0,0,0.000662471,0.162637,0.054157,0.0612786,0.0531633,0.109142,0.150215,0.156509,0.155349,0.0968864,0.0300842,0.0718664,0.0778265,0.0910528,0.0964837,0.0947364,0.0945614,0.0786976,0.0353661,0.0330137,0.0323616,0.034916,0.0353211,0.034783,0.0383136,0.0363833,0.0292541,0.0266116,0.0212317,0.00713523,0.00449941,0.0235324,0.0529307,0.0836985,0.10886,0.117301,0.111867,0.102009,0.0904131,0.0699373,0.0531792,0.0396521,0.0326076,0.028104,0.0238758,0.0192104,0.0159021,0.0122906,0.0081769,0.00195218,0.471025,0.201337,0.116108,0.0713645,0.0455471,0.0295327,0.0204623,0.01451,0.0101705,0.00664483,0.00462461,0.0036416,0.00244507,0.00147723,0.000743493,0.000263366,7.80342e-05,1.95086e-05,2.16762e-06,2.16762e-06,
"./ResampledDatabase/Violin",D00675.obj,-0.171763,-0.45247,-0.112495,-0.131299,-0.76471,0.113715,0.113961,0.168319,0.132695,0.0886773,0.0654188,0.0533101,0.0453995,0.040719,0.0374776,0.0333022,0.0315217,0.0290917,0.0287587,0.0285299,0.0293381,0.0296072,0.0308959,0.033495,0.0353384,0.0388972,0.0192069,0,0,0,0,0,0,0,0,0,0,0,0,0,0,0,0,0,0,0,0.0840014,0.144908,0.109968,0.19349,0.110446,0.0568386,0.0709585,0.0148379,0.0396075,0.10219,0.0727534,0.0453607,0.0824634,0.102285,0.110306,0.103735,0.0855738,0.0593855,0.0464719,0.0423613,0.0463058,0.0464158,0.0361256,0.0431614,0.0391079,0.0338273,0.0348044,0.0221358,0.0125726,0.00613577,0.00146518,0.00500899,0.0268937,0.0565465,0.0854342,0.109167,0.123302,0.121445,0.106799,0.0867118,0.0676223,0.0560382,0.0462666,0.0369477,0.027866,0.0197957,0.0127287,0.00699794,0.00333039,0.000976433,0.000122699,0.597607,0.19241,0.093026,0.0495609,0.0281306,0.0163054,0.00982723,0.00581616,0.00336098,0.00192211,0.00101523,0.000524408,0.000274122,0.000104015,5.74248e-05,2.92541e-05,1.40853e-05,8.6679e-06,4.33395e-06,2.16697e-06,
"./ResampledDatabase/Violin",D00701.obj,-0.205959,-0.409441,-0.11506,-0.116437,1.04486,0.113715,0.113961,0.168126,0.138518,0.0951809,0.0658304,0.049714,0.042231,0.0372396,0.0343893,0.0330358,0.0311071,0.0295938,0.0284021,0.0272259,0.0269888,0.0287464,0.0322214,0.0348594,0.0365943,0.0372891,0.0227066,0,0,0,0,0,0,0,0,0,0,0,0,0,0,0,0,0,0,0.00248992,0.16801,0.0145838,0.0137539,0.119279,0.0688878,0.0800332,0.0907043,0.0739862,0.126393,0.154968,0.0869101,0.0425408,0.0741295,0.0904563,0.0955459,0.0847937,0.0871859,0.0777479,0.0627482,0.0636113,0.0589057,0.0458492,0.035305,0.0232747,0.0287703,0.0326677,0.034719,0.0321197,0.0185591,0.00864699,0.00242328,0.00852716,0.0379356,0.0766001,0.104766,0.120727,0.1185,0.108401,0.0950379,0.0802549,0.0670791,0.0566642,0.0450905,0.0328261,0.0212565,0.0125706,0.00717968,0.00398367,0.00190008,0.000595901,0.000104128,0.607556,0.208564,0.0945258,0.0440889,0.0213358,0.0103147,0.00537622,0.00322768,0.00193726,0.00121458,0.000735681,0.000474563,0.0002492,0.000159271,0.000114849,6.06747e-05,4.00887e-05,2.05861e-05,1.08348e-06,3.25043e-06,
"./ResampledDatabase/Violin",D00704.obj,-0.180632,-0.392333,-0.115077,-0.128149,0.465504,0.113715,0.113961,0.118397,0.140857,0.101694,0.0742262,0.0570558,0.0467571,0.0410495,0.0363316,0.033153,0.0321282,0.0309528,0.0304342,0.0307745,0.0320478,0.0332767,0.0350263,0.0386101,0.0395143,0.0333108,0.0144031,0,0,0,0,0,0,0,0,0,0,0,0,0,0,0,0,0,0,0,0,0,0,0.00635677,0.131903,0.233611,0.194676,0.209972,0.116011,0.0643623,0.0431069,0.0240573,0.0739962,0.106444,0.114904,0.107203,0.0872746,0.0716828,0.0679772,0.0650796,0.0529265,0.039177,0.0304825,0.0275779,0.0261617,0.0250205,0.0229791,0.0229721,0.0192755,0.0123062,0.00250245,0.002631,0.0153662,0.0407789,0.0728573,0.104743,0.127347,0.133688,0.126985,0.108704,0.0852749,0.0622209,0.0437482,0.0289399,0.0192792,0.0122443,0.00753408,0.00416669,0.00230406,0.000967415,0.00021968,0.49245,0.219925,0.118955,0.067313,0.0401747,0.0245312,0.0148027,0.00902873,0.00548971,0.00320269,0.00188885,0.000953648,0.000591283,0.00035043,0.000160569,9.33034e-05,4.99065e-05,2.71231e-05,8.67939e-06,3.25477e-06,
"./ResampledDatabase/Violin",D00743.obj,-0.164294,-0.424744,-0.114954,-0.122634,0.0139882,0.113715,0.113961,0.174205,0.159622,0.0907506,0.0665937,0.0526069,0.04502,0.0389903,0.0350778,0.0318376,0.0305032,0.0288996,0.0283334,0.0284984,0.029176,0.0301227,0.0313395,0.0332267,0.0312838,0.0238713,0.0100412,0,0,0,0,0,0,0,0,0,0,0,0,0,0,0,0,0,0,0.0310078,0.106395,0.102519,0.0337209,0.044186,0.0505814,0.0887597,0.110078,0.0905039,0.100969,0.140116,0.101163,0.0235354,0.0748118,0.115717,0.10684,0.0888324,0.0720063,0.0629726,0.0517156,0.0416097,0.043278,0.0423818,0.0436221,0.0395773,0.0370719,0.0371539,0.0386091,0.0351955,0.0263599,0.0139376,0.00477188,0.00312784,0.0141181,0.0350497,0.0586833,0.081596,0.0993823,0.110788,0.11353,0.109075,0.101375,0.0867142,0.0667973,0.0470062,0.0306957,0.0202294,0.0120308,0.00619998,0.00257508,0.000866265,0.000159847,0.440687,0.196886,0.120272,0.0793932,0.0534375,0.0361282,0.0245219,0.0170101,0.0114047,0.00747058,0.0049551,0.00326655,0.00208413,0.00114665,0.000695795,0.00034573,0.000169072,8.12844e-05,3.143e-05,1.30055e-05,
"./ResampledDatabase/Violin",D00891.obj,-0.177545,-0.453333,-0.112047,-0.130157,0.318935,0.113715,0.113961,0.157244,0.148856,0.112486,0.0757966,0.055943,0.0454433,0.0396703,0.0363873,0.0345736,0.0319185,0.0300718,0.0280694,0.0274064,0.0267125,0.0271765,0.0280983,0.0284344,0.0280065,0.0261062,0.0115998,0,0,0,0,0,0,0,0,0,0,0,0,0,0,0,0,0,0,0,0.013335,0.152418,0.041999,0.067672,0.079013,0.0940927,0.0894816,0.12986,0.149925,0.0962114,0.085992,0.0285197,0.0676448,0.084278,0.105646,0.0983998,0.10004,0.0830108,0.0638463,0.0606469,0.0513617,0.0395011,0.0348125,0.0272435,0.0291368,0.0326142,0.0299429,0.0278516,0.0202996,0.0116555,0.00354846,0.00519365,0.0239999,0.0522871,0.0845141,0.11118,0.121107,0.115859,0.101451,0.0855957,0.070055,0.0583128,0.0498857,0.0409749,0.0303597,0.0212654,0.013227,0.00743423,0.00436362,0.00240968,0.00052483,0.478108,0.209994,0.12087,0.0727122,0.0446893,0.0276264,0.0169741,0.0108419,0.00679419,0.00431855,0.00275516,0.00172265,0.00105526,0.000684727,0.000409536,0.000235104,0.000131095,4.44206e-05,2.49189e-05,9.75087e-06,
