,class,k,accuracy,precision,recall
0,AircraftBuoyant,0,0.9932989690721651,0.375,0.0234375
1,Apartment,0,0.9906654170571693,0.18181818181818182,0.008264462809917356
2,AquaticAnimal,0,0.9879701386420191,0.41379310344827586,0.014268727705112965
3,Bed,0,0.988820160366552,0.4444444444444444,0.016460905349794237
4,Bicycle,0,0.9894369547977797,0.6923076923076923,0.026627218934911233
5,Biplane,0,0.9812325315005725,0.24444444444444444,0.0054320987654320994
6,Bird,0,0.9816119962511706,0.20454545454545456,0.004648760330578513
7,Bookset,0,0.9919175257731961,0.7,0.035
8,Bottle,0,0.9870967741935488,0.3548387096774194,0.01144640998959417
9,BuildingNonResidential,0,0.9819899304723095,0.16279069767441862,0.0037858301784748517
10,Bus,0,0.9915051546391753,0.2,0.01
11,Car,0,0.9637863167760083,0.5909090909090909,0.006714876033057848
12,Cellphone,0,0.9918827997829625,0.15789473684210525,0.008310249307479223
13,Chess,0,0.9842213781877378,0.3684210526315789,0.00969529085872576
14,City,0,0.9892466296590009,0.46153846153846156,0.017751479289940825
15,ClassicPiano,0,0.9916288659793814,0.35,0.017499999999999998
16,Computer,0,0.9875189003436426,0.36666666666666664,0.012222222222222221
17,ComputerKeyboard,0,0.9917525773195877,0.5,0.024999999999999998
18,Cup,0,0.9885147002672772,0.07407407407407407,0.0027434842249657062
19,DeskLamp,0,0.9869903558363822,0.22580645161290322,0.0072840790842872
20,DeskPhone,0,0.9913402061855671,0.0,0.0
21,Door,0,0.982200911052506,0.4186046511627907,0.009734991887506757
22,Drum,0,0.9920130222463373,0.3157894736842105,0.016620498614958446
23,Fish,0,0.9918350515463917,0.6,0.03
24,FloorLamp,0,0.9884536082474222,0.0,0.0
25,Glasses,0,0.9914639175257731,0.15,0.0075000000000000015
26,Guitar,0,0.991381443298969,0.05,0.0025
27,Gun,0,0.9758976182012084,0.27586206896551724,0.004756242568370988
28,Hand,0,0.9847757035385898,0.5405405405405406,0.014609203798392988
29,Hat,0,0.9935670103092786,0.2,0.013333333333333334
30,Helicopter,0,0.9789124722053767,0.43137254901960786,0.008458285274894268
31,House,0,0.9810675830469638,0.044444444444444446,0.0009876543209876543
32,HumanHead,0,0.9788639579543155,0.37254901960784315,0.007304882737408686
33,Humanoid,0,0.9415478437636146,0.6267605633802817,0.0044138067843681765
34,Insect,0,0.9726085598250545,0.2878787878787879,0.004361799816345269
35,Jet,0,0.9412299041165023,0.7412587412587412,0.005183627561249933
36,Knife,0,0.9896742268041234,0.48,0.0192
37,MilitaryVehicle,0,0.9916288659793814,0.35,0.017499999999999998
38,Monitor,0,0.9914226804123711,0.1,0.005
39,Monoplane,0,0.9914639175257733,0.15,0.0075000000000000015
40,Motorcycle,0,0.9893735130848534,0.6153846153846154,0.02366863905325443
41,Mug,0,0.9894762886597939,0.24,0.009600000000000001
42,MultiSeat,0,0.9813608247422678,0.4,0.008888888888888885
43,Musical_Instrument,0,0.9909278350515468,0.0,0.0
44,NonWheelChair,0,0.9771771321462042,0.32727272727272727,0.005950413223140496
45,PianoBoard,0,0.9921866521975039,0.5263157894736842,0.027700831024930747
46,PlantIndoors,0,0.9729103885804911,0.15384615384615385,0.002366863905325444
47,PlantWildNonTree,0,0.9885452462772045,0.1111111111111111,0.004115226337448559
48,Quadruped,0,0.9763284499909571,0.2982456140350877,0.00523237919359803
49,RectangleTable,0,0.9763429191535542,0.3157894736842105,0.00554016620498615
50,Rocket,0,0.9915876288659795,0.3,0.015
51,RoundTable,0,0.9866237113402058,0.28125,0.0087890625
52,Shelf,0,0.9836531853026699,0.1794871794871795,0.00460223537146614
53,Ship,0,0.9741802460924506,0.1935483870967742,0.003121748178980228
54,Sign,0,0.9938144329896907,0.0,0.0
55,Skyscraper,0,0.9914639175257731,0.15,0.0075000000000000015
56,Spoon,0,0.9923482245131728,0.2222222222222222,0.012345679012345678
57,Starship,0,0.9870701696042572,0.3225806451612903,0.010405827263267428
58,SubmachineGun,0,0.9915463917525772,0.25,0.0125
59,Sword,0,0.9785408406026963,0.4807692307692308,0.00924556213017751
60,Tool,0,0.9835051546391755,0.5,0.012500000000000002
61,Train,0,0.9877710629221471,0.1724137931034483,0.005945303210463734
62,Tree,0,0.9806902734199915,0.08695652173913043,0.001890359168241966
63,Truck,0,0.9886063382970596,0.18518518518518517,0.006858710562414266
64,TruckNonContainer,0,0.9920130222463375,0.3157894736842105,0.016620498614958446
65,Vase,0,0.9918393922951708,0.10526315789473684,0.00554016620498615
66,Violin,0,0.9918762886597939,0.65,0.0325
67,Wheel,0,0.99319587628866,0.25,0.015625
68,WheelChair,0,0.9914639175257735,0.15,0.0075000000000000015
69,AircraftBuoyant,1,0.9929896907216494,0.25,0.03125
70,Apartment,1,0.9902530459231493,0.09090909090909091,0.008264462809917356
71,AquaticAnimal,1,0.9877852826164242,0.3448275862068966,0.02378121284185493
72,Bed,1,0.9884994272623144,0.2777777777777778,0.0205761316872428
73,Bicycle,1,0.9894052339413164,0.5769230769230769,0.04437869822485207
74,Biplane,1,0.9810950744558993,0.28888888888888886,0.012839506172839505
75,Bird,1,0.9812746016869724,0.14772727272727273,0.0067148760330578506
76,Bookset,1,0.9919999999999998,0.65,0.06500000000000002
77,Bottle,1,0.9868440305952774,0.27419354838709675,0.01768990634755463
78,BuildingNonResidential,1,0.981673459602013,0.13953488372093023,0.006489994591671172
79,Bus,1,0.9911340206185569,0.125,0.0125
80,Car,1,0.9637675726335515,0.5340909090909091,0.01213842975206611
81,Cellphone,1,0.9914704286489421,0.07894736842105263,0.008310249307479223
82,Chess,1,0.984026044492675,0.3157894736842105,0.016620498614958443
83,City,1,0.9888659793814428,0.25,0.019230769230769225
84,ClassicPiano,1,0.9913402061855672,0.25,0.025
85,Computer,1,0.9871065292096223,0.18333333333333332,0.012222222222222221
86,ComputerKeyboard,1,0.9916701030927836,0.45,0.045
87,Cup,1,0.9881328751431849,0.05555555555555555,0.004115226337448559
88,DeskLamp,1,0.9867376122381109,0.20967741935483872,0.013527575442247657
89,DeskPhone,1,0.9910927835051548,0.1,0.01
90,Door,1,0.9820187005514258,0.3488372093023256,0.01622498647917794
91,Drum,1,0.9916440586001087,0.18421052631578946,0.019390581717451522
92,Fish,1,0.9917113402061855,0.475,0.0475
93,FloorLamp,1,0.9880412371134025,0.0,0.0
94,Glasses,1,0.9910927835051548,0.1,0.01
95,Guitar,1,0.9910103092783509,0.05,0.005
96,Gun,1,0.9756843227870603,0.25862068965517243,0.008917954815695598
97,Hand,1,0.9846531067149631,0.44594594594594594,0.024105186267348422
98,Hat,1,0.9933195876288663,0.2,0.026666666666666665
99,Helicopter,1,0.9787911865777237,0.39215686274509803,0.015378700499807767
100,House,1,0.9806735395189008,0.03333333333333333,0.0014814814814814814
101,HumanHead,1,0.9786779866585809,0.3235294117647059,0.012687427912341408
102,Humanoid,1,0.9415710759401763,0.5774647887323944,0.008133306883554842
103,Insect,1,0.9723961262105597,0.26515151515151514,0.008034894398530758
104,Jet,1,0.9413769735419235,0.7097902097902098,0.009927135801261679
105,Knife,1,0.9895257731958763,0.4,0.03200000000000001
106,MilitaryVehicle,1,0.9914226804123712,0.3,0.030000000000000006
107,Monitor,1,0.9911340206185569,0.125,0.0125
108,Monoplane,1,0.9911752577319589,0.15,0.015
109,Motorcycle,1,0.9892783505154639,0.5,0.03846153846153845
110,Mug,1,0.9892288659793816,0.22,0.017599999999999998
111,MultiSeat,1,0.9812233676975943,0.36666666666666664,0.016296296296296295
112,Musical_Instrument,1,0.9905154639175254,0.0,0.0
113,NonWheelChair,1,0.9769447047797563,0.2727272727272727,0.009917355371900827
114,PianoBoard,1,0.9920781334780252,0.4473684210526316,0.04709141274238227
115,PlantIndoors,1,0.9726249008723235,0.15384615384615385,0.004733727810650888
116,PlantWildNonTree,1,0.9882245131729671,0.1111111111111111,0.008230452674897118
117,Quadruped,1,0.976046301320311,0.22807017543859648,0.008002462296091105
118,RectangleTable,1,0.9760752396455054,0.24561403508771928,0.008618036318867343
119,Rocket,1,0.9912577319587632,0.2,0.019999999999999997
120,RoundTable,1,0.986288659793815,0.1875,0.01171875
121,Shelf,1,0.9834945810203541,0.24358974358974358,0.012491781722550955
122,Ship,1,0.9738875956102434,0.1693548387096774,0.005463059313215397
123,Sign,1,0.9934020618556704,0.0,0.0
124,Skyscraper,1,0.991134020618557,0.125,0.0125
125,Spoon,1,0.9920733104238258,0.19444444444444445,0.021604938271604937
126,Starship,1,0.9867110076488189,0.1935483870967742,0.012486992715920912
127,SubmachineGun,1,0.9912989690721652,0.225,0.0225
128,Sword,1,0.9784298176050753,0.4230769230769231,0.01627218934911243
129,Tool,1,0.9832164948453604,0.325,0.016250000000000007
130,Train,1,0.9876999644507641,0.29310344827586204,0.020214030915576695
131,Tree,1,0.980313760645451,0.06521739130434782,0.0028355387523629487
132,Truck,1,0.9883466972126771,0.18518518518518517,0.013717421124828532
133,TruckNonContainer,1,0.9917308735756919,0.23684210526315788,0.02493074792243767
134,Vase,1,0.9914270211611503,0.05263157894736842,0.00554016620498615
135,Violin,1,0.9918350515463918,0.55,0.05500000000000001
136,Wheel,1,0.9929381443298969,0.21875,0.02734375
137,WheelChair,1,0.991216494845361,0.175,0.017499999999999998
138,AircraftBuoyant,2,0.992577319587629,0.16666666666666666,0.03125
139,Apartment,2,0.9898781630740394,0.07575757575757575,0.010330578512396695
140,AquaticAnimal,2,0.9875435478137221,0.2988505747126437,0.03091557669441141
141,Bed,2,0.9882397861779304,0.24691358024691357,0.027434842249657063
142,Bicycle,2,0.9893100713719272,0.5128205128205128,0.05917159763313609
143,Biplane,2,0.9807376861397482,0.2148148148148148,0.014320987654320987
144,Bird,2,0.9808809746954078,0.10606060606060605,0.007231404958677684
145,Bookset,2,0.9920412371134022,0.6166666666666666,0.09250000000000001
146,Bottle,2,0.9865646824077158,0.23655913978494622,0.02289281997918834
147,BuildingNonResidential,2,0.9813186286262285,0.11627906976744184,0.008112493239588965
148,Bus,2,0.9908453608247421,0.13333333333333333,0.019999999999999997
149,Car,2,0.9636925960637299,0.4924242424242427,0.016787190082644638
150,Cellphone,2,0.9911014650027132,0.07017543859649122,0.0110803324099723
151,Chess,2,0.9838307107976129,0.2982456140350877,0.023545706371191133
152,City,2,0.988453608247423,0.16666666666666666,0.019230769230769225
153,ClassicPiano,2,0.9910103092783507,0.19999999999999998,0.03
154,Computer,2,0.9867766323024051,0.15555555555555553,0.015555555555555553
155,ComputerKeyboard,2,0.9915051546391751,0.4,0.06
156,Cup,2,0.9877510500190912,0.04938271604938271,0.0054869684499314125
157,DeskLamp,2,0.9864582640505491,0.19354838709677416,0.018730489073881373
158,DeskPhone,2,0.9906804123711337,0.06666666666666667,0.01
159,Door,2,0.9817789498921125,0.302325581395349,0.021092482422931325
160,Drum,2,0.9913185024416712,0.15789473684210525,0.02493074792243767
161,Fish,2,0.9914226804123711,0.36666666666666664,0.05500000000000001
162,FloorLamp,2,0.987659411989309,0.012345679012345678,0.0013717421124828531
163,Glasses,2,0.9907216494845358,0.08333333333333333,0.0125
164,Guitar,2,0.9907216494845359,0.08333333333333333,0.0125
165,Gun,2,0.9754425879843587,0.24137931034482762,0.012485136741973843
166,Hand,2,0.9845305098913346,0.4144144144144144,0.033601168736303866
167,Hat,2,0.9929621993127146,0.15555555555555553,0.03111111111111111
168,Helicopter,2,0.9785728724479484,0.3398692810457516,0.019992310649750093
169,House,2,0.9803161512027494,0.04444444444444444,0.002962962962962963
170,HumanHead,2,0.9785081867798667,0.3137254901960785,0.018454440599769327
171,Humanoid,2,0.9415768839843183,0.5539906103286381,0.01170402697877404
172,Insect,2,0.9721587004061226,0.24747474747474751,0.011248852157943063
173,Jet,2,0.9414029269699371,0.6503496503496505,0.013643698958384286
174,Knife,2,0.9893443298969072,0.36,0.0432
175,MilitaryVehicle,2,0.9911340206185566,0.25,0.0375
176,Monitor,2,0.99080412371134,0.11666666666666665,0.017499999999999998
177,Monoplane,2,0.9908453608247422,0.13333333333333333,0.019999999999999997
178,Motorcycle,2,0.9891831879460747,0.46153846153846156,0.05325443786982249
179,Mug,2,0.9889154639175257,0.18666666666666665,0.022400000000000003
180,MultiSeat,2,0.9808843069873999,0.27407407407407414,0.018271604938271607
181,Musical_Instrument,2,0.9901030927835053,0.0,0.0
182,NonWheelChair,2,0.9768022492970949,0.29090909090909084,0.015867768595041326
183,PianoBoard,2,0.9920130222463375,0.4385964912280701,0.06925207756232686
184,PlantIndoors,2,0.9723521015067412,0.158974358974359,0.007337278106508876
185,PlantWildNonTree,2,0.9878121420389461,0.07407407407407407,0.008230452674897118
186,Quadruped,2,0.9757352143244712,0.19298245614035087,0.010156971375807941
187,RectangleTable,2,0.9758075601374574,0.22222222222222224,0.011695906432748539
188,Rocket,2,0.9910103092783507,0.19999999999999998,0.03
189,RoundTable,2,0.9859278350515462,0.14583333333333331,0.013671875
190,Shelf,2,0.9831879460745439,0.20512820512820518,0.01577909270216963
191,Ship,2,0.973528433654804,0.13440860215053763,0.006503642039542142
192,Sign,2,0.9930486008836527,0.023809523809523808,0.00510204081632653
193,Skyscraper,2,0.9907216494845359,0.08333333333333333,0.0125
194,Spoon,2,0.9917525773195877,0.16666666666666666,0.027777777777777776
195,Starship,2,0.9862986365147993,0.12903225806451613,0.012486992715920912
196,SubmachineGun,2,0.9910515463917523,0.21666666666666665,0.03250000000000001
197,Sword,2,0.9782394924662962,0.37179487179487186,0.02144970414201184
198,Tool,2,0.982927835051546,0.2666666666666667,0.020000000000000007
199,Train,2,0.9874013508709565,0.2413793103448276,0.024970273483947678
200,Tree,2,0.9799193186911698,0.050724637681159424,0.003308128544423441
201,Truck,2,0.9880870561282933,0.18518518518518517,0.0205761316872428
202,TruckNonContainer,2,0.9914053174172546,0.19298245614035084,0.030470914127423823
203,Vase,2,0.9911448724905048,0.08771929824561403,0.013850415512465374
204,Violin,2,0.9918762886597939,0.55,0.0825
205,Wheel,2,0.992577319587629,0.16666666666666666,0.03125
206,WheelChair,2,0.9910515463917526,0.21666666666666665,0.032499999999999994
207,AircraftBuoyant,3,0.9922680412371133,0.15625,0.0390625
208,Apartment,3,0.9894657919400185,0.056818181818181816,0.010330578512396695
209,AquaticAnimal,3,0.9871880554568074,0.2413793103448276,0.0332936979785969
210,Bed,3,0.9879190530736921,0.21296296296296297,0.031550068587105615
211,Bicycle,3,0.9893100713719268,0.5096153846153846,0.07840236686390531
212,Biplane,3,0.9803986254295531,0.18333333333333332,0.016296296296296295
213,Bird,3,0.9805435801312093,0.10227272727272728,0.009297520661157023
214,Bookset,3,0.9921237113402063,0.6125,0.12250000000000001
215,Bottle,3,0.986258729630861,0.20967741935483872,0.027055150884495307
216,BuildingNonResidential,3,0.9809829777031888,0.11046511627906977,0.010275824770146023
217,Bus,3,0.9905979381443301,0.15,0.03
218,Car,3,0.9636176194939072,0.4715909090909091,0.021435950413223145
219,Cellphone,3,0.9906890938686921,0.05263157894736842,0.0110803324099723
220,Chess,3,0.9835268583830712,0.2565789473684211,0.027008310249307475
221,City,3,0.9880412371134019,0.125,0.019230769230769225
222,ClassicPiano,3,0.9906804123711342,0.175,0.034999999999999996
223,Computer,3,0.9863642611683854,0.11666666666666667,0.015555555555555553
224,ComputerKeyboard,3,0.9912989690721649,0.3625,0.07250000000000001
225,Cup,3,0.9874608629247803,0.07407407407407407,0.010973936899862825
226,DeskLamp,3,0.9861523112736946,0.1774193548387097,0.022892819979188343
227,DeskPhone,3,0.9902680412371134,0.05,0.01
228,Door,3,0.9815391992327975,0.27906976744186046,0.025959978366684698
229,Drum,3,0.9909495387954421,0.13157894736842105,0.027700831024930747
230,Fish,3,0.9913402061855671,0.375,0.075
231,FloorLamp,3,0.9873081328751431,0.027777777777777776,0.004115226337448559
232,Glasses,3,0.9903917525773197,0.0875,0.017499999999999998
233,Guitar,3,0.9903505154639178,0.075,0.015
234,Gun,3,0.9752150728759328,0.23706896551724138,0.016349583828775268
235,Hand,3,0.9843633324045697,0.38513513513513514,0.041636230825420006
236,Hat,3,0.992549828178694,0.11666666666666667,0.03111111111111111
237,Helicopter,3,0.9783869011522129,0.3235294117647059,0.025374855824682817
238,House,3,0.9800137457044674,0.06666666666666667,0.005925925925925926
239,HumanHead,3,0.9783707297351925,0.31862745098039214,0.024990388312187622
240,Humanoid,3,0.9415826920284586,0.5422535211267606,0.015274747073993258
241,Insect,3,0.9719337706966573,0.24242424242424243,0.014692378328741958
242,Jet,3,0.9414980895393276,0.6416083916083916,0.017947087877157826
243,Knife,3,0.9891298969072166,0.33,0.052800000000000014
244,MilitaryVehicle,3,0.9908865979381444,0.2375,0.0475
245,Monitor,3,0.9903917525773197,0.0875,0.017499999999999998
246,Monoplane,3,0.990474226804124,0.1125,0.0225
247,Motorcycle,3,0.9890880253766853,0.4423076923076923,0.06804733727810651
248,Mug,3,0.9886020618556703,0.17,0.0272
249,MultiSeat,3,0.9805819014891178,0.2388888888888889,0.02123456790123457
250,Musical_Instrument,3,0.9898085419734903,0.03571428571428571,0.006802721088435374
251,NonWheelChair,3,0.9765248359887533,0.2590909090909091,0.018842975206611573
252,PianoBoard,3,0.9920347259902332,0.4605263157894737,0.09695290858725761
253,PlantIndoors,3,0.9720285487708165,0.14615384615384616,0.008994082840236681
254,PlantWildNonTree,3,0.9873997709049257,0.05555555555555555,0.008230452674897118
255,Quadruped,3,0.9753807198408395,0.16228070175438597,0.011388119421360423
256,RectangleTable,3,0.9755254114668113,0.20614035087719298,0.014465989535241612
257,Rocket,3,0.9907216494845363,0.1875,0.0375
258,RoundTable,3,0.9856701030927836,0.15625,0.01953125
259,Shelf,3,0.9829447528416599,0.20512820512820512,0.021038790269559505
260,Ship,3,0.9731692716993678,0.11693548387096774,0.0075442247658688835
261,Sign,3,0.9926362297496317,0.017857142857142856,0.00510204081632653
262,Skyscraper,3,0.9903917525773197,0.0875,0.017499999999999998
263,Spoon,3,0.9914776632302407,0.16666666666666666,0.03703703703703704
264,Starship,3,0.9859660791486531,0.12096774193548387,0.015608740894901142
265,SubmachineGun,3,0.9907628865979381,0.2,0.04000000000000001
266,Sword,3,0.9781284694686756,0.3701923076923077,0.028476331360946742
267,Tool,3,0.9826391752577326,0.2375,0.02375000000000001
268,Train,3,0.9871596160682543,0.23275862068965517,0.032104637336504156
269,Tree,3,0.9795428059166293,0.04891304347826087,0.004253308128544423
270,Truck,3,0.9877968690339821,0.17592592592592593,0.02606310013717421
271,TruckNonContainer,3,0.9911665762344003,0.19736842105263158,0.041551246537396114
272,Vase,3,0.9907759088442755,0.07894736842105263,0.016620498614958446
273,Violin,3,0.9918762886597936,0.5375,0.1075
274,Wheel,3,0.9921649484536081,0.125,0.03125
275,WheelChair,3,0.9907216494845361,0.1875,0.0375
276,AircraftBuoyant,4,0.9920103092783505,0.16250000000000003,0.05078125
277,Apartment,4,0.9891283973758204,0.06363636363636363,0.014462809917355374
278,AquaticAnimal,4,0.9868041237113403,0.2,0.03448275862068965
279,Bed,4,0.9876288659793817,0.2,0.037037037037037035
280,Bicycle,4,0.9891514670896117,0.4692307692307693,0.09023668639053256
281,Biplane,4,0.9800962199312715,0.1733333333333334,0.01925925925925926
282,Bird,4,0.9801874414245547,0.09545454545454546,0.010847107438016527
283,Bookset,4,0.9921649484536081,0.6000000000000001,0.15000000000000002
284,Bottle,4,0.9860059860325909,0.20645161290322586,0.03329864724245576
285,BuildingNonResidential,4,0.9805706065691681,0.08837209302325583,0.010275824770146023
286,Bus,4,0.9903092783505152,0.15,0.0375
287,Car,4,0.9635051546391751,0.4500000000000001,0.025568181818181823
288,Cellphone,4,0.9902767227346717,0.042105263157894736,0.0110803324099723
289,Chess,4,0.9832230059685294,0.23157894736842108,0.030470914127423823
290,City,4,0.9876288659793817,0.1,0.019230769230769225
291,ClassicPiano,4,0.9903917525773194,0.16999999999999998,0.042499999999999996
292,Computer,4,0.9860068728522335,0.10666666666666669,0.017777777777777778
293,ComputerKeyboard,4,0.9911340206185566,0.35,0.0875
294,Cup,4,0.9871401298205426,0.08148148148148149,0.015089163237311385
295,DeskLamp,4,0.9857665447289656,0.14838709677419354,0.02393340270551509
296,DeskPhone,4,0.9898556701030927,0.04,0.01
297,Door,4,0.9813569887317193,0.2790697674418604,0.03244997295835588
298,Drum,4,0.9907107976125884,0.14736842105263157,0.03878116343490305
299,Fish,4,0.9911752577319589,0.36000000000000004,0.09000000000000001
300,FloorLamp,4,0.9869263077510504,0.02962962962962963,0.0054869684499314125
301,Glasses,4,0.9901030927835051,0.1,0.025
302,Guitar,4,0.9899793814432989,0.06999999999999999,0.017499999999999998
303,Gun,4,0.9749448986846783,0.2241379310344827,0.01932223543400713
304,Hand,4,0.984173864586236,0.3621621621621622,0.0489408327246165
305,Hat,4,0.9921924398625431,0.10666666666666667,0.035555555555555556
306,Helicopter,4,0.9781362441883971,0.2980392156862745,0.029219530949634753
307,House,4,0.9796197021764033,0.05777777777777777,0.0064197530864197536
308,HumanHead,4,0.9781362441883971,0.29803921568627445,0.029219530949634746
309,Humanoid,4,0.9415710759401772,0.530985915492958,0.01869668716524501
310,Insect,4,0.9717463292721026,0.24848484848484848,0.018824609733700634
311,Jet,4,0.9415644149664768,0.6293706293706293,0.022005966061910128
312,Knife,4,0.9889154639175256,0.31200000000000006,0.06240000000000001
313,MilitaryVehicle,4,0.9904742268041238,0.19,0.0475
314,Monitor,4,0.9899793814432989,0.06999999999999999,0.017499999999999998
315,Monoplane,4,0.990185567010309,0.12,0.03
316,Motorcycle,4,0.9888659793814433,0.39999999999999997,0.07692307692307694
317,Mug,4,0.9882886597938145,0.16000000000000003,0.032
318,MultiSeat,4,0.9803528064146622,0.23555555555555552,0.02617283950617284
319,Musical_Instrument,4,0.9894354442808051,0.0380952380952381,0.009070294784580499
320,NonWheelChair,4,0.9762474226804122,0.24000000000000007,0.021818181818181816
321,PianoBoard,4,0.9920564297341291,0.47368421052631576,0.12465373961218836
322,PlantIndoors,4,0.9717303727200638,0.1446153846153846,0.01112426035502958
323,PlantWildNonTree,4,0.9869873997709052,0.044444444444444446,0.008230452674897118
324,Quadruped,4,0.9750551636824016,0.1508771929824562,0.01323484148968914
325,RectangleTable,4,0.9753445469343461,0.2210526315789474,0.019390581717451526
326,Rocket,4,0.9903092783505153,0.15,0.0375
327,RoundTable,4,0.9853865979381444,0.15625000000000006,0.0244140625
328,Shelf,4,0.9827015596087764,0.20512820512820512,0.026298487836949373
329,Ship,4,0.9728234120385766,0.10967741935483875,0.008844953173777311
330,Sign,4,0.992223858615611,0.014285714285714287,0.00510204081632653
331,Skyscraper,4,0.9900618556701032,0.09,0.0225
332,Spoon,4,0.9912027491408933,0.16666666666666663,0.04629629629629631
333,Starship,4,0.9856069171932157,0.10967741935483873,0.017689906347554626
334,SubmachineGun,4,0.9903917525773196,0.17,0.0425
335,Sword,4,0.9780015860428228,0.3653846153846153,0.03513313609467455
336,Tool,4,0.9823092783505146,0.21000000000000002,0.026250000000000002
337,Train,4,0.9867756843227876,0.19310344827586212,0.033293697978596895
338,Tree,4,0.9791304347826092,0.03913043478260869,0.004253308128544423
339,Truck,4,0.987506681939672,0.1703703703703704,0.031550068587105615
340,TruckNonContainer,4,0.9907976125881716,0.16842105263157894,0.04432132963988919
341,Vase,4,0.9903635377102551,0.06315789473684211,0.016620498614958446
342,Violin,4,0.9917525773195879,0.5000000000000001,0.12500000000000003
343,Wheel,4,0.9920103092783508,0.16249999999999998,0.05078125
344,WheelChair,4,0.9904329896907216,0.18,0.045
345,AircraftBuoyant,5,0.9917525773195877,0.16666666666666666,0.0625
346,Apartment,5,0.988716026241799,0.053030303030303025,0.014462809917355374
347,AquaticAnimal,5,0.9864201919658728,0.17241379310344832,0.035671819262782394
348,Bed,5,0.9873692248949979,0.19753086419753088,0.04389574759945131
349,Bicycle,5,0.9889611419508324,0.435897435897436,0.10059171597633138
350,Biplane,5,0.979757159221077,0.1592592592592593,0.02123456790123457
351,Bird,5,0.979850046860356,0.09469696969696971,0.012913223140495866
352,Bookset,5,0.9920824742268042,0.5666666666666668,0.16999999999999998
353,Bottle,5,0.9856468240771533,0.18279569892473113,0.03537981269510925
354,BuildingNonResidential,5,0.9801774154878927,0.07751937984496124,0.010816657652785288
355,Bus,5,0.9899381443298971,0.13333333333333336,0.039999999999999994
356,Car,5,0.963355201499531,0.428030303030303,0.029183884297520665
357,Cellphone,5,0.9899511665762344,0.05263157894736842,0.016620498614958446
358,Chess,5,0.9829191535539884,0.21491228070175442,0.03393351800554016
359,City,5,0.9872164948453611,0.08333333333333333,0.019230769230769225
360,ClassicPiano,5,0.990144329896907,0.175,0.052500000000000005
361,Computer,5,0.9857319587628864,0.11666666666666665,0.02333333333333333
362,ComputerKeyboard,5,0.9908041237113402,0.30833333333333335,0.0925
363,Cup,5,0.9867583046964487,0.07407407407407407,0.016460905349794237
364,DeskLamp,5,0.9853807781842369,0.12903225806451613,0.02497398543184183
365,DeskPhone,5,0.9894845360824744,0.041666666666666664,0.0125
366,Door,5,0.98117477823064,0.27906976744186046,0.03893996755002705
367,Drum,5,0.9903852414541506,0.14035087719298245,0.0443213296398892
368,Fish,5,0.9909278350515465,0.33333333333333337,0.09999999999999999
369,FloorLamp,5,0.9865139366170289,0.024691358024691357,0.0054869684499314125
370,Glasses,5,0.9897319587628866,0.09166666666666665,0.027499999999999997
371,Guitar,5,0.9895670103092782,0.05833333333333333,0.017499999999999998
372,Gun,5,0.9746320654105938,0.2068965517241379,0.021403091557669434
373,Hand,5,0.9838952354416272,0.3288288288288288,0.0533235938641344
374,Hat,5,0.9918350515463918,0.1,0.04
375,Helicopter,5,0.9779017586416008,0.284313725490196,0.03344867358708189
376,House,5,0.9792439862542957,0.05555555555555555,0.007407407407407407
377,HumanHead,5,0.9778532443905392,0.27450980392156854,0.03229527104959631
378,Humanoid,5,0.9414723391897779,0.5058685446009389,0.021374727236659417
379,Insect,5,0.9715463917525771,0.25,0.02272727272727272
380,Jet,5,0.9416249729651794,0.62004662004662,0.026015942099858184
381,Knife,5,0.9886680412371132,0.2933333333333333,0.0704
382,MilitaryVehicle,5,0.9902268041237114,0.19166666666666665,0.057499999999999996
383,Monitor,5,0.9895670103092782,0.05833333333333333,0.017499999999999998
384,Monoplane,5,0.9898144329896906,0.10833333333333332,0.032499999999999994
385,Motorcycle,5,0.9884853291038856,0.33974358974358976,0.07840236686390534
386,Mug,5,0.987942268041237,0.14666666666666664,0.0352
387,MultiSeat,5,0.9801603665521192,0.24074074074074076,0.03209876543209876
388,Musical_Instrument,5,0.9890623465881202,0.03968253968253968,0.011337868480725623
389,NonWheelChair,5,0.9759550140581068,0.2242424242424242,0.024462809917355367
390,PianoBoard,5,0.9919045035268582,0.4473684210526316,0.1412742382271468
391,PlantIndoors,5,0.9714068199841398,0.1384615384615384,0.012781065088757385
392,PlantWildNonTree,5,0.9866055746468114,0.043209876543209874,0.009602194787379972
393,Quadruped,5,0.9747151383613674,0.14035087719298245,0.014773776546629735
394,RectangleTable,5,0.9750479291011032,0.20760233918128654,0.021852877808556485
395,Rocket,5,0.9899793814432989,0.14166666666666666,0.042499999999999996
396,RoundTable,5,0.9849999999999998,0.13541666666666669,0.025390625
397,Shelf,5,0.9824160719006075,0.19658119658119663,0.030243261012491775
398,Ship,5,0.9725174592617234,0.11290322580645167,0.010926118626430795
399,Sign,5,0.9918703976435934,0.023809523809523808,0.01020408163265306
400,Skyscraper,5,0.9896494845360824,0.075,0.0225
401,Spoon,5,0.9908361970217641,0.14814814814814814,0.04938271604938272
402,Starship,5,0.9852743598270703,0.10752688172043011,0.020811654526534856
403,SubmachineGun,5,0.9899793814432991,0.14166666666666666,0.0425
404,Sword,5,0.9777160983346551,0.3301282051282052,0.03809171597633136
405,Tool,5,0.9819793814432991,0.19166666666666674,0.028749999999999998
406,Train,5,0.9863917525773194,0.16666666666666666,0.03448275862068964
407,Tree,5,0.9787180636485876,0.03260869565217391,0.004253308128544423
408,Truck,5,0.9872164948453604,0.1666666666666667,0.03703703703703703
409,TruckNonContainer,5,0.9905588714053173,0.17543859649122806,0.05540166204986148
410,Vase,5,0.9899511665762342,0.05263157894736842,0.016620498614958446
411,Violin,5,0.9916701030927835,0.4833333333333333,0.145
412,Wheel,5,0.991701030927835,0.15625000000000003,0.05859375
413,WheelChair,5,0.9901443298969074,0.175,0.052500000000000005
